;;;;;;
No;"Kode Provinsi
Kemendagri";Provinsi;Tahun;Hewan;Jenis Pemotongan;Ekor
1;11;Aceh;2018;Sapi;Pemotongan Tercatat;59442
2;12;Sumatera Utara;2018;Sapi;Pemotongan Tercatat;62082
3;13;Sumatera Barat;2018;Sapi;Pemotongan Tercatat;82930
4;14;Riau;2018;Sapi;Pemotongan Tercatat;46603
5;15;Jambi;2018;Sapi;Pemotongan Tercatat;25714
6;16;Sumatera Selatan;2018;Sapi;Pemotongan Tercatat;58287
7;17;Bengkulu;2018;Sapi;Pemotongan Tercatat;13479
8;18;Lampung;2018;Sapi;Pemotongan Tercatat;46894
9;19;Kepulauan Bangka Belitung;2018;Sapi;Pemotongan Tercatat;5220
10;21;Kepulauan Riau;2018;Sapi;Pemotongan Tercatat;4717
11;31;DKI Jakarta;2018;Sapi;Pemotongan Tercatat;67079
12;32;Jawa Barat;2018;Sapi;Pemotongan Tercatat;289206
13;33;Jawa Tengah;2018;Sapi;Pemotongan Tercatat;250699
14;34;DI Yogyakarta;2018;Sapi;Pemotongan Tercatat;34951
15;35;Jawa Timur;2018;Sapi;Pemotongan Tercatat;316109
16;36;Banten;2018;Sapi;Pemotongan Tercatat;98885
17;51;Bali;2018;Sapi;Pemotongan Tercatat;31792
18;52;Nusa Tenggara Barat;2018;Sapi;Pemotongan Tercatat;53969
19;53;Nusa Tenggara Timur;2018;Sapi;Pemotongan Tercatat;69260
20;61;Kalimantan Barat;2018;Sapi;Pemotongan Tercatat;36033
21;62;Kalimantan Tengah;2018;Sapi;Pemotongan Tercatat;18442
22;63;Kalimantan Selatan;2018;Sapi;Pemotongan Tercatat;33638
23;64;Kalimantan Timur;2018;Sapi;Pemotongan Tercatat;43729
24;65;Kalimantan Utara;2018;Sapi;Pemotongan Tercatat;4017
25;71;Sulawesi Utara;2018;Sapi;Pemotongan Tercatat;18139
26;72;Sulawesi Tengah;2018;Sapi;Pemotongan Tercatat;28978
27;73;Sulawesi Selatan;2018;Sapi;Pemotongan Tercatat;122637
28;74;Sulawesi Tenggara;2018;Sapi;Pemotongan Tercatat;31349
29;75;Gorontalo;2018;Sapi;Pemotongan Tercatat;24726
30;76;Sulawesi Barat;2018;Sapi;Pemotongan Tercatat;13390
31;81;Maluku;2018;Sapi;Pemotongan Tercatat;12865
32;82;Maluku Utara;2018;Sapi;Pemotongan Tercatat;5478
33;92;Papua Barat;2018;Sapi;Pemotongan Tercatat;10227
34;91;Papua;2018;Sapi;Pemotongan Tercatat;11961
35;11;Aceh;2019;Sapi;Pemotongan Tercatat;53725
36;12;Sumatera Utara;2019;Sapi;Pemotongan Tercatat;66319
37;13;Sumatera Barat;2019;Sapi;Pemotongan Tercatat;88203
38;14;Riau;2019;Sapi;Pemotongan Tercatat;50395
39;15;Jambi;2019;Sapi;Pemotongan Tercatat;24791
40;16;Sumatera Selatan;2019;Sapi;Pemotongan Tercatat;59292
41;17;Bengkulu;2019;Sapi;Pemotongan Tercatat;14108
42;18;Lampung;2019;Sapi;Pemotongan Tercatat;50811
43;19;Kepulauan Bangka Belitung;2019;Sapi;Pemotongan Tercatat;7137
44;21;Kepulauan Riau;2019;Sapi;Pemotongan Tercatat;5606
45;31;DKI Jakarta;2019;Sapi;Pemotongan Tercatat;81147
46;32;Jawa Barat;2019;Sapi;Pemotongan Tercatat;284151
47;33;Jawa Tengah;2019;Sapi;Pemotongan Tercatat;243916
48;34;DI Yogyakarta;2019;Sapi;Pemotongan Tercatat;37997
49;35;Jawa Timur;2019;Sapi;Pemotongan Tercatat;312144
50;36;Banten;2019;Sapi;Pemotongan Tercatat;152163
51;51;Bali;2019;Sapi;Pemotongan Tercatat;35319
52;52;Nusa Tenggara Barat;2019;Sapi;Pemotongan Tercatat;55569
53;53;Nusa Tenggara Timur;2019;Sapi;Pemotongan Tercatat;68894
54;61;Kalimantan Barat;2019;Sapi;Pemotongan Tercatat;35724
55;62;Kalimantan Tengah;2019;Sapi;Pemotongan Tercatat;19480
56;63;Kalimantan Selatan;2019;Sapi;Pemotongan Tercatat;28478
57;64;Kalimantan Timur;2019;Sapi;Pemotongan Tercatat;43213
58;65;Kalimantan Utara;2019;Sapi;Pemotongan Tercatat;3666
59;71;Sulawesi Utara;2019;Sapi;Pemotongan Tercatat;17311
60;72;Sulawesi Tengah;2019;Sapi;Pemotongan Tercatat;29577
61;73;Sulawesi Selatan;2019;Sapi;Pemotongan Tercatat;90589
62;74;Sulawesi Tenggara;2019;Sapi;Pemotongan Tercatat;21879
63;75;Gorontalo;2019;Sapi;Pemotongan Tercatat;22284
64;76;Sulawesi Barat;2019;Sapi;Pemotongan Tercatat;12502
65;81;Maluku;2019;Sapi;Pemotongan Tercatat;13338
66;82;Maluku Utara;2019;Sapi;Pemotongan Tercatat;6477
67;92;Papua Barat;2019;Sapi;Pemotongan Tercatat;10290
68;91;Papua;2019;Sapi;Pemotongan Tercatat;18454
69;11;Aceh;2020;Sapi;Pemotongan Tercatat;66679
70;12;Sumatera Utara;2020;Sapi;Pemotongan Tercatat;64716
71;13;Sumatera Barat;2020;Sapi;Pemotongan Tercatat;84075
72;14;Riau;2020;Sapi;Pemotongan Tercatat;55379
73;15;Jambi;2020;Sapi;Pemotongan Tercatat;28565
74;16;Sumatera Selatan;2020;Sapi;Pemotongan Tercatat;60214
75;17;Bengkulu;2020;Sapi;Pemotongan Tercatat;11900
76;18;Lampung;2020;Sapi;Pemotongan Tercatat;55883
77;19;Kepulauan Bangka Belitung;2020;Sapi;Pemotongan Tercatat;7306
78;21;Kepulauan Riau;2020;Sapi;Pemotongan Tercatat;8501
79;31;DKI Jakarta;2020;Sapi;Pemotongan Tercatat;25524
80;32;Jawa Barat;2020;Sapi;Pemotongan Tercatat;284189
81;33;Jawa Tengah;2020;Sapi;Pemotongan Tercatat;227748
82;34;DI Yogyakarta;2020;Sapi;Pemotongan Tercatat;35668
83;35;Jawa Timur;2020;Sapi;Pemotongan Tercatat;288348
84;36;Banten;2020;Sapi;Pemotongan Tercatat;75473
85;51;Bali;2020;Sapi;Pemotongan Tercatat;25289
86;52;Nusa Tenggara Barat;2020;Sapi;Pemotongan Tercatat;61589
87;53;Nusa Tenggara Timur;2020;Sapi;Pemotongan Tercatat;27605
88;61;Kalimantan Barat;2020;Sapi;Pemotongan Tercatat;27891
89;62;Kalimantan Tengah;2020;Sapi;Pemotongan Tercatat;18421
90;63;Kalimantan Selatan;2020;Sapi;Pemotongan Tercatat;27606
91;64;Kalimantan Timur;2020;Sapi;Pemotongan Tercatat;48051
92;65;Kalimantan Utara;2020;Sapi;Pemotongan Tercatat;3802
93;71;Sulawesi Utara;2020;Sapi;Pemotongan Tercatat;16363
94;72;Sulawesi Tengah;2020;Sapi;Pemotongan Tercatat;26275
95;73;Sulawesi Selatan;2020;Sapi;Pemotongan Tercatat;76499
96;74;Sulawesi Tenggara;2020;Sapi;Pemotongan Tercatat;23146
97;75;Gorontalo;2020;Sapi;Pemotongan Tercatat;14471
98;76;Sulawesi Barat;2020;Sapi;Pemotongan Tercatat;10287
99;81;Maluku;2020;Sapi;Pemotongan Tercatat;13949
100;82;Maluku Utara;2020;Sapi;Pemotongan Tercatat;5161
101;92;Papua Barat;2020;Sapi;Pemotongan Tercatat;8874
102;91;Papua;2020;Sapi;Pemotongan Tercatat;17521
103;11;Aceh;2021;Sapi;Pemotongan Tercatat;60212
104;12;Sumatera Utara;2021;Sapi;Pemotongan Tercatat;59603
105;13;Sumatera Barat;2021;Sapi;Pemotongan Tercatat;93203
106;14;Riau;2021;Sapi;Pemotongan Tercatat;61383
107;15;Jambi;2021;Sapi;Pemotongan Tercatat;24159
108;16;Sumatera Selatan;2021;Sapi;Pemotongan Tercatat;58831
109;17;Bengkulu;2021;Sapi;Pemotongan Tercatat;17626
110;18;Lampung;2021;Sapi;Pemotongan Tercatat;78387
111;19;Kepulauan Bangka Belitung;2021;Sapi;Pemotongan Tercatat;14079
112;21;Kepulauan Riau;2021;Sapi;Pemotongan Tercatat;5458
113;31;DKI Jakarta;2021;Sapi;Pemotongan Tercatat;53623
114;32;Jawa Barat;2021;Sapi;Pemotongan Tercatat;272366
115;33;Jawa Tengah;2021;Sapi;Pemotongan Tercatat;247192
116;34;DI Yogyakarta;2021;Sapi;Pemotongan Tercatat;40023
117;35;Jawa Timur;2021;Sapi;Pemotongan Tercatat;381188
118;36;Banten;2021;Sapi;Pemotongan Tercatat;64330
119;51;Bali;2021;Sapi;Pemotongan Tercatat;23203
120;52;Nusa Tenggara Barat;2021;Sapi;Pemotongan Tercatat;59976
121;53;Nusa Tenggara Timur;2021;Sapi;Pemotongan Tercatat;30714
122;61;Kalimantan Barat;2021;Sapi;Pemotongan Tercatat;30578
123;62;Kalimantan Tengah;2021;Sapi;Pemotongan Tercatat;18455
124;63;Kalimantan Selatan;2021;Sapi;Pemotongan Tercatat;30281
125;64;Kalimantan Timur;2021;Sapi;Pemotongan Tercatat;42118
126;65;Kalimantan Utara;2021;Sapi;Pemotongan Tercatat;4279
127;71;Sulawesi Utara;2021;Sapi;Pemotongan Tercatat;14547
128;72;Sulawesi Tengah;2021;Sapi;Pemotongan Tercatat;36592
129;73;Sulawesi Selatan;2021;Sapi;Pemotongan Tercatat;95662
130;74;Sulawesi Tenggara;2021;Sapi;Pemotongan Tercatat;25219
131;75;Gorontalo;2021;Sapi;Pemotongan Tercatat;16870
132;76;Sulawesi Barat;2021;Sapi;Pemotongan Tercatat;9671
133;81;Maluku;2021;Sapi;Pemotongan Tercatat;13480
134;82;Maluku Utara;2021;Sapi;Pemotongan Tercatat;5021
135;92;Papua Barat;2021;Sapi;Pemotongan Tercatat;9852
136;91;Papua;2021;Sapi;Pemotongan Tercatat;12256
137;11;Aceh;2018;Sapi;Pemotongan Tidak Tercatat;5944
138;12;Sumatera Utara;2018;Sapi;Pemotongan Tidak Tercatat;39187
139;13;Sumatera Barat;2018;Sapi;Pemotongan Tidak Tercatat;8293
140;14;Riau;2018;Sapi;Pemotongan Tidak Tercatat;15084
141;15;Jambi;2018;Sapi;Pemotongan Tidak Tercatat;3445
142;16;Sumatera Selatan;2018;Sapi;Pemotongan Tidak Tercatat;2917
143;17;Bengkulu;2018;Sapi;Pemotongan Tidak Tercatat;1348
144;18;Lampung;2018;Sapi;Pemotongan Tidak Tercatat;12201
145;19;Kepulauan Bangka Belitung;2018;Sapi;Pemotongan Tidak Tercatat;8443
146;21;Kepulauan Riau;2018;Sapi;Pemotongan Tidak Tercatat;473
147;31;DKI Jakarta;2018;Sapi;Pemotongan Tidak Tercatat;3354
148;32;Jawa Barat;2018;Sapi;Pemotongan Tidak Tercatat;35422
149;33;Jawa Tengah;2018;Sapi;Pemotongan Tidak Tercatat;83852
150;34;DI Yogyakarta;2018;Sapi;Pemotongan Tidak Tercatat;2199
151;35;Jawa Timur;2018;Sapi;Pemotongan Tidak Tercatat;131512
152;36;Banten;2018;Sapi;Pemotongan Tidak Tercatat;46326
153;51;Bali;2018;Sapi;Pemotongan Tidak Tercatat;3179
154;52;Nusa Tenggara Barat;2018;Sapi;Pemotongan Tidak Tercatat;10792
155;53;Nusa Tenggara Timur;2018;Sapi;Pemotongan Tidak Tercatat;10390
156;61;Kalimantan Barat;2018;Sapi;Pemotongan Tidak Tercatat;0
157;62;Kalimantan Tengah;2018;Sapi;Pemotongan Tidak Tercatat;5135
158;63;Kalimantan Selatan;2018;Sapi;Pemotongan Tidak Tercatat;0
159;64;Kalimantan Timur;2018;Sapi;Pemotongan Tidak Tercatat;6559
160;65;Kalimantan Utara;2018;Sapi;Pemotongan Tidak Tercatat;29
161;71;Sulawesi Utara;2018;Sapi;Pemotongan Tidak Tercatat;0
162;72;Sulawesi Tengah;2018;Sapi;Pemotongan Tidak Tercatat;2897
163;73;Sulawesi Selatan;2018;Sapi;Pemotongan Tidak Tercatat;12265
164;74;Sulawesi Tenggara;2018;Sapi;Pemotongan Tidak Tercatat;7307
165;75;Gorontalo;2018;Sapi;Pemotongan Tidak Tercatat;2474
166;76;Sulawesi Barat;2018;Sapi;Pemotongan Tidak Tercatat;1338
167;81;Maluku;2018;Sapi;Pemotongan Tidak Tercatat;1286
168;82;Maluku Utara;2018;Sapi;Pemotongan Tidak Tercatat;547
169;92;Papua Barat;2018;Sapi;Pemotongan Tidak Tercatat;1023
170;91;Papua;2018;Sapi;Pemotongan Tidak Tercatat;1195
171;11;Aceh;2019;Sapi;Pemotongan Tidak Tercatat;5374
172;12;Sumatera Utara;2019;Sapi;Pemotongan Tidak Tercatat;27726
173;13;Sumatera Barat;2019;Sapi;Pemotongan Tidak Tercatat;8820
174;14;Riau;2019;Sapi;Pemotongan Tidak Tercatat;605
175;15;Jambi;2019;Sapi;Pemotongan Tidak Tercatat;7492
176;16;Sumatera Selatan;2019;Sapi;Pemotongan Tidak Tercatat;2963
177;17;Bengkulu;2019;Sapi;Pemotongan Tidak Tercatat;1412
178;18;Lampung;2019;Sapi;Pemotongan Tidak Tercatat;12690
179;19;Kepulauan Bangka Belitung;2019;Sapi;Pemotongan Tidak Tercatat;7420
180;21;Kepulauan Riau;2019;Sapi;Pemotongan Tidak Tercatat;562
181;31;DKI Jakarta;2019;Sapi;Pemotongan Tidak Tercatat;4056
182;32;Jawa Barat;2019;Sapi;Pemotongan Tidak Tercatat;34185
183;33;Jawa Tengah;2019;Sapi;Pemotongan Tidak Tercatat;92300
184;34;DI Yogyakarta;2019;Sapi;Pemotongan Tidak Tercatat;2773
185;35;Jawa Timur;2019;Sapi;Pemotongan Tidak Tercatat;166097
186;36;Banten;2019;Sapi;Pemotongan Tidak Tercatat;1973
187;51;Bali;2019;Sapi;Pemotongan Tidak Tercatat;3532
188;52;Nusa Tenggara Barat;2019;Sapi;Pemotongan Tidak Tercatat;11112
189;53;Nusa Tenggara Timur;2019;Sapi;Pemotongan Tidak Tercatat;3446
190;61;Kalimantan Barat;2019;Sapi;Pemotongan Tidak Tercatat;7
191;62;Kalimantan Tengah;2019;Sapi;Pemotongan Tidak Tercatat;3879
192;63;Kalimantan Selatan;2019;Sapi;Pemotongan Tidak Tercatat;0
193;64;Kalimantan Timur;2019;Sapi;Pemotongan Tidak Tercatat;5236
194;65;Kalimantan Utara;2019;Sapi;Pemotongan Tidak Tercatat;25
195;71;Sulawesi Utara;2019;Sapi;Pemotongan Tidak Tercatat;1732
196;72;Sulawesi Tengah;2019;Sapi;Pemotongan Tidak Tercatat;2958
197;73;Sulawesi Selatan;2019;Sapi;Pemotongan Tidak Tercatat;31854
198;74;Sulawesi Tenggara;2019;Sapi;Pemotongan Tidak Tercatat;4615
199;75;Gorontalo;2019;Sapi;Pemotongan Tidak Tercatat;2227
200;76;Sulawesi Barat;2019;Sapi;Pemotongan Tidak Tercatat;1251
201;81;Maluku;2019;Sapi;Pemotongan Tidak Tercatat;1335
202;82;Maluku Utara;2019;Sapi;Pemotongan Tidak Tercatat;1294
203;92;Papua Barat;2019;Sapi;Pemotongan Tidak Tercatat;1117
204;91;Papua;2019;Sapi;Pemotongan Tidak Tercatat;1847
205;11;Aceh;2020;Sapi;Pemotongan Tidak Tercatat;6670
206;12;Sumatera Utara;2020;Sapi;Pemotongan Tidak Tercatat;34994
207;13;Sumatera Barat;2020;Sapi;Pemotongan Tidak Tercatat;7747
208;14;Riau;2020;Sapi;Pemotongan Tidak Tercatat;976
209;15;Jambi;2020;Sapi;Pemotongan Tidak Tercatat;2858
210;16;Sumatera Selatan;2020;Sapi;Pemotongan Tidak Tercatat;6039
211;17;Bengkulu;2020;Sapi;Pemotongan Tidak Tercatat;6548
212;18;Lampung;2020;Sapi;Pemotongan Tidak Tercatat;5589
213;19;Kepulauan Bangka Belitung;2020;Sapi;Pemotongan Tidak Tercatat;5882
214;21;Kepulauan Riau;2020;Sapi;Pemotongan Tidak Tercatat;850
215;31;DKI Jakarta;2020;Sapi;Pemotongan Tidak Tercatat;1278
216;32;Jawa Barat;2020;Sapi;Pemotongan Tidak Tercatat;37385
217;33;Jawa Tengah;2020;Sapi;Pemotongan Tidak Tercatat;81823
218;34;DI Yogyakarta;2020;Sapi;Pemotongan Tidak Tercatat;2604
219;35;Jawa Timur;2020;Sapi;Pemotongan Tidak Tercatat;130432
220;36;Banten;2020;Sapi;Pemotongan Tidak Tercatat;7547
221;51;Bali;2020;Sapi;Pemotongan Tidak Tercatat;2529
222;52;Nusa Tenggara Barat;2020;Sapi;Pemotongan Tidak Tercatat;12318
223;53;Nusa Tenggara Timur;2020;Sapi;Pemotongan Tidak Tercatat;2767
224;61;Kalimantan Barat;2020;Sapi;Pemotongan Tidak Tercatat;56
225;62;Kalimantan Tengah;2020;Sapi;Pemotongan Tidak Tercatat;6246
226;63;Kalimantan Selatan;2020;Sapi;Pemotongan Tidak Tercatat;0
227;64;Kalimantan Timur;2020;Sapi;Pemotongan Tidak Tercatat;4808
228;65;Kalimantan Utara;2020;Sapi;Pemotongan Tidak Tercatat;379
229;71;Sulawesi Utara;2020;Sapi;Pemotongan Tidak Tercatat;1638
230;72;Sulawesi Tengah;2020;Sapi;Pemotongan Tidak Tercatat;2627
231;73;Sulawesi Selatan;2020;Sapi;Pemotongan Tidak Tercatat;30341
232;74;Sulawesi Tenggara;2020;Sapi;Pemotongan Tidak Tercatat;4836
233;75;Gorontalo;2020;Sapi;Pemotongan Tidak Tercatat;1448
234;76;Sulawesi Barat;2020;Sapi;Pemotongan Tidak Tercatat;1028
235;81;Maluku;2020;Sapi;Pemotongan Tidak Tercatat;1759
236;82;Maluku Utara;2020;Sapi;Pemotongan Tidak Tercatat;517
237;92;Papua Barat;2020;Sapi;Pemotongan Tidak Tercatat;888
238;91;Papua;2020;Sapi;Pemotongan Tidak Tercatat;1753
239;11;Aceh;2021;Sapi;Pemotongan Tidak Tercatat;6024
240;12;Sumatera Utara;2021;Sapi;Pemotongan Tidak Tercatat;33948
241;13;Sumatera Barat;2021;Sapi;Pemotongan Tidak Tercatat;0
242;14;Riau;2021;Sapi;Pemotongan Tidak Tercatat;0
243;15;Jambi;2021;Sapi;Pemotongan Tidak Tercatat;2134
244;16;Sumatera Selatan;2021;Sapi;Pemotongan Tidak Tercatat;5885
245;17;Bengkulu;2021;Sapi;Pemotongan Tidak Tercatat;5623
246;18;Lampung;2021;Sapi;Pemotongan Tidak Tercatat;7838
247;19;Kepulauan Bangka Belitung;2021;Sapi;Pemotongan Tidak Tercatat;1408
248;21;Kepulauan Riau;2021;Sapi;Pemotongan Tidak Tercatat;546
249;31;DKI Jakarta;2021;Sapi;Pemotongan Tidak Tercatat;2680
250;32;Jawa Barat;2021;Sapi;Pemotongan Tidak Tercatat;56217
251;33;Jawa Tengah;2021;Sapi;Pemotongan Tidak Tercatat;83313
252;34;DI Yogyakarta;2021;Sapi;Pemotongan Tidak Tercatat;1718
253;35;Jawa Timur;2021;Sapi;Pemotongan Tidak Tercatat;95293
254;36;Banten;2021;Sapi;Pemotongan Tidak Tercatat;10380
255;51;Bali;2021;Sapi;Pemotongan Tidak Tercatat;2322
256;52;Nusa Tenggara Barat;2021;Sapi;Pemotongan Tidak Tercatat;11995
257;53;Nusa Tenggara Timur;2021;Sapi;Pemotongan Tidak Tercatat;3072
258;61;Kalimantan Barat;2021;Sapi;Pemotongan Tidak Tercatat;3059
259;62;Kalimantan Tengah;2021;Sapi;Pemotongan Tidak Tercatat;6007
260;63;Kalimantan Selatan;2021;Sapi;Pemotongan Tidak Tercatat;0
261;64;Kalimantan Timur;2021;Sapi;Pemotongan Tidak Tercatat;4214
262;65;Kalimantan Utara;2021;Sapi;Pemotongan Tidak Tercatat;428
263;71;Sulawesi Utara;2021;Sapi;Pemotongan Tidak Tercatat;1453
264;72;Sulawesi Tengah;2021;Sapi;Pemotongan Tidak Tercatat;3660
265;73;Sulawesi Selatan;2021;Sapi;Pemotongan Tidak Tercatat;9567
266;74;Sulawesi Tenggara;2021;Sapi;Pemotongan Tidak Tercatat;4336
267;75;Gorontalo;2021;Sapi;Pemotongan Tidak Tercatat;1686
268;76;Sulawesi Barat;2021;Sapi;Pemotongan Tidak Tercatat;968
269;81;Maluku;2021;Sapi;Pemotongan Tidak Tercatat;1564
270;82;Maluku Utara;2021;Sapi;Pemotongan Tidak Tercatat;330
271;92;Papua Barat;2021;Sapi;Pemotongan Tidak Tercatat;985
272;91;Papua;2021;Sapi;Pemotongan Tidak Tercatat;1226
273;11;Aceh;2018;Kerbau;Pemotongan Tercatat;20447
274;12;Sumatera Utara;2018;Kerbau;Pemotongan Tercatat;5872
275;13;Sumatera Barat;2018;Kerbau;Pemotongan Tercatat;9422
276;14;Riau;2018;Kerbau;Pemotongan Tercatat;9624
277;15;Jambi;2018;Kerbau;Pemotongan Tercatat;7282
278;16;Sumatera Selatan;2018;Kerbau;Pemotongan Tercatat;2742
279;17;Bengkulu;2018;Kerbau;Pemotongan Tercatat;1019
280;18;Lampung;2018;Kerbau;Pemotongan Tercatat;344
281;19;Kepulauan Bangka Belitung;2018;Kerbau;Pemotongan Tercatat;0
282;21;Kepulauan Riau;2018;Kerbau;Pemotongan Tercatat;0
283;31;DKI Jakarta;2018;Kerbau;Pemotongan Tercatat;128
284;32;Jawa Barat;2018;Kerbau;Pemotongan Tercatat;5096
285;33;Jawa Tengah;2018;Kerbau;Pemotongan Tercatat;6902
286;34;DI Yogyakarta;2018;Kerbau;Pemotongan Tercatat;1
287;35;Jawa Timur;2018;Kerbau;Pemotongan Tercatat;14
288;36;Banten;2018;Kerbau;Pemotongan Tercatat;1594
289;51;Bali;2018;Kerbau;Pemotongan Tercatat;8
290;52;Nusa Tenggara Barat;2018;Kerbau;Pemotongan Tercatat;4784
291;53;Nusa Tenggara Timur;2018;Kerbau;Pemotongan Tercatat;6808
292;61;Kalimantan Barat;2018;Kerbau;Pemotongan Tercatat;211
293;62;Kalimantan Tengah;2018;Kerbau;Pemotongan Tercatat;242
294;63;Kalimantan Selatan;2018;Kerbau;Pemotongan Tercatat;2642
295;64;Kalimantan Timur;2018;Kerbau;Pemotongan Tercatat;230
296;65;Kalimantan Utara;2018;Kerbau;Pemotongan Tercatat;33
297;71;Sulawesi Utara;2018;Kerbau;Pemotongan Tercatat;0
298;72;Sulawesi Tengah;2018;Kerbau;Pemotongan Tercatat;59
299;73;Sulawesi Selatan;2018;Kerbau;Pemotongan Tercatat;14860
300;74;Sulawesi Tenggara;2018;Kerbau;Pemotongan Tercatat;137
301;75;Gorontalo;2018;Kerbau;Pemotongan Tercatat;25
302;76;Sulawesi Barat;2018;Kerbau;Pemotongan Tercatat;619
303;81;Maluku;2018;Kerbau;Pemotongan Tercatat;231
304;82;Maluku Utara;2018;Kerbau;Pemotongan Tercatat;0
305;92;Papua Barat;2018;Kerbau;Pemotongan Tercatat;0
306;91;Papua;2018;Kerbau;Pemotongan Tercatat;111
307;11;Aceh;2019;Kerbau;Pemotongan Tercatat;12205
308;12;Sumatera Utara;2019;Kerbau;Pemotongan Tercatat;6351
309;13;Sumatera Barat;2019;Kerbau;Pemotongan Tercatat;9150
310;14;Riau;2019;Kerbau;Pemotongan Tercatat;9589
311;15;Jambi;2019;Kerbau;Pemotongan Tercatat;8311
312;16;Sumatera Selatan;2019;Kerbau;Pemotongan Tercatat;2905
313;17;Bengkulu;2019;Kerbau;Pemotongan Tercatat;1197
314;18;Lampung;2019;Kerbau;Pemotongan Tercatat;425
315;19;Kepulauan Bangka Belitung;2019;Kerbau;Pemotongan Tercatat;1
316;21;Kepulauan Riau;2019;Kerbau;Pemotongan Tercatat;0
317;31;DKI Jakarta;2019;Kerbau;Pemotongan Tercatat;239
318;32;Jawa Barat;2019;Kerbau;Pemotongan Tercatat;3752
319;33;Jawa Tengah;2019;Kerbau;Pemotongan Tercatat;6065
320;34;DI Yogyakarta;2019;Kerbau;Pemotongan Tercatat;5
321;35;Jawa Timur;2019;Kerbau;Pemotongan Tercatat;15
322;36;Banten;2019;Kerbau;Pemotongan Tercatat;12075
323;51;Bali;2019;Kerbau;Pemotongan Tercatat;69
324;52;Nusa Tenggara Barat;2019;Kerbau;Pemotongan Tercatat;5221
325;53;Nusa Tenggara Timur;2019;Kerbau;Pemotongan Tercatat;8248
326;61;Kalimantan Barat;2019;Kerbau;Pemotongan Tercatat;221
327;62;Kalimantan Tengah;2019;Kerbau;Pemotongan Tercatat;236
328;63;Kalimantan Selatan;2019;Kerbau;Pemotongan Tercatat;2580
329;64;Kalimantan Timur;2019;Kerbau;Pemotongan Tercatat;295
330;65;Kalimantan Utara;2019;Kerbau;Pemotongan Tercatat;25
331;71;Sulawesi Utara;2019;Kerbau;Pemotongan Tercatat;0
332;72;Sulawesi Tengah;2019;Kerbau;Pemotongan Tercatat;127
333;73;Sulawesi Selatan;2019;Kerbau;Pemotongan Tercatat;13841
334;74;Sulawesi Tenggara;2019;Kerbau;Pemotongan Tercatat;96
335;75;Gorontalo;2019;Kerbau;Pemotongan Tercatat;0
336;76;Sulawesi Barat;2019;Kerbau;Pemotongan Tercatat;649
337;81;Maluku;2019;Kerbau;Pemotongan Tercatat;229
338;82;Maluku Utara;2019;Kerbau;Pemotongan Tercatat;0
339;92;Papua Barat;2019;Kerbau;Pemotongan Tercatat;0
340;91;Papua;2019;Kerbau;Pemotongan Tercatat;115
341;11;Aceh;2020;Kerbau;Pemotongan Tercatat;11580
342;12;Sumatera Utara;2020;Kerbau;Pemotongan Tercatat;6724
343;13;Sumatera Barat;2020;Kerbau;Pemotongan Tercatat;7235
344;14;Riau;2020;Kerbau;Pemotongan Tercatat;9309
345;15;Jambi;2020;Kerbau;Pemotongan Tercatat;8625
346;16;Sumatera Selatan;2020;Kerbau;Pemotongan Tercatat;1875
347;17;Bengkulu;2020;Kerbau;Pemotongan Tercatat;1432
348;18;Lampung;2020;Kerbau;Pemotongan Tercatat;676
349;19;Kepulauan Bangka Belitung;2020;Kerbau;Pemotongan Tercatat;0
350;21;Kepulauan Riau;2020;Kerbau;Pemotongan Tercatat;0
351;31;DKI Jakarta;2020;Kerbau;Pemotongan Tercatat;131
352;32;Jawa Barat;2020;Kerbau;Pemotongan Tercatat;3026
353;33;Jawa Tengah;2020;Kerbau;Pemotongan Tercatat;6311
354;34;DI Yogyakarta;2020;Kerbau;Pemotongan Tercatat;4
355;35;Jawa Timur;2020;Kerbau;Pemotongan Tercatat;11
356;36;Banten;2020;Kerbau;Pemotongan Tercatat;3533
357;51;Bali;2020;Kerbau;Pemotongan Tercatat;66
358;52;Nusa Tenggara Barat;2020;Kerbau;Pemotongan Tercatat;5377
359;53;Nusa Tenggara Timur;2020;Kerbau;Pemotongan Tercatat;4600
360;61;Kalimantan Barat;2020;Kerbau;Pemotongan Tercatat;275
361;62;Kalimantan Tengah;2020;Kerbau;Pemotongan Tercatat;257
362;63;Kalimantan Selatan;2020;Kerbau;Pemotongan Tercatat;2307
363;64;Kalimantan Timur;2020;Kerbau;Pemotongan Tercatat;273
364;65;Kalimantan Utara;2020;Kerbau;Pemotongan Tercatat;47
365;71;Sulawesi Utara;2020;Kerbau;Pemotongan Tercatat;0
366;72;Sulawesi Tengah;2020;Kerbau;Pemotongan Tercatat;53
367;73;Sulawesi Selatan;2020;Kerbau;Pemotongan Tercatat;7560
368;74;Sulawesi Tenggara;2020;Kerbau;Pemotongan Tercatat;93
369;75;Gorontalo;2020;Kerbau;Pemotongan Tercatat;0
370;76;Sulawesi Barat;2020;Kerbau;Pemotongan Tercatat;832
371;81;Maluku;2020;Kerbau;Pemotongan Tercatat;368
372;82;Maluku Utara;2020;Kerbau;Pemotongan Tercatat;0
373;92;Papua Barat;2020;Kerbau;Pemotongan Tercatat;0
374;91;Papua;2020;Kerbau;Pemotongan Tercatat;57
375;11;Aceh;2021;Kerbau;Pemotongan Tercatat;13161
376;12;Sumatera Utara;2021;Kerbau;Pemotongan Tercatat;8824
377;13;Sumatera Barat;2021;Kerbau;Pemotongan Tercatat;9134
378;14;Riau;2021;Kerbau;Pemotongan Tercatat;11307
379;15;Jambi;2021;Kerbau;Pemotongan Tercatat;8173
380;16;Sumatera Selatan;2021;Kerbau;Pemotongan Tercatat;2809
381;17;Bengkulu;2021;Kerbau;Pemotongan Tercatat;1263
382;18;Lampung;2021;Kerbau;Pemotongan Tercatat;685
383;19;Kepulauan Bangka Belitung;2021;Kerbau;Pemotongan Tercatat;14
384;21;Kepulauan Riau;2021;Kerbau;Pemotongan Tercatat;0
385;31;DKI Jakarta;2021;Kerbau;Pemotongan Tercatat;100
386;32;Jawa Barat;2021;Kerbau;Pemotongan Tercatat;1982
387;33;Jawa Tengah;2021;Kerbau;Pemotongan Tercatat;4781
388;34;DI Yogyakarta;2021;Kerbau;Pemotongan Tercatat;8
389;35;Jawa Timur;2021;Kerbau;Pemotongan Tercatat;250
390;36;Banten;2021;Kerbau;Pemotongan Tercatat;1396
391;51;Bali;2021;Kerbau;Pemotongan Tercatat;87
392;52;Nusa Tenggara Barat;2021;Kerbau;Pemotongan Tercatat;4434
393;53;Nusa Tenggara Timur;2021;Kerbau;Pemotongan Tercatat;4541
394;61;Kalimantan Barat;2021;Kerbau;Pemotongan Tercatat;216
395;62;Kalimantan Tengah;2021;Kerbau;Pemotongan Tercatat;178
396;63;Kalimantan Selatan;2021;Kerbau;Pemotongan Tercatat;1564
397;64;Kalimantan Timur;2021;Kerbau;Pemotongan Tercatat;297
398;65;Kalimantan Utara;2021;Kerbau;Pemotongan Tercatat;49
399;71;Sulawesi Utara;2021;Kerbau;Pemotongan Tercatat;0
400;72;Sulawesi Tengah;2021;Kerbau;Pemotongan Tercatat;84
401;73;Sulawesi Selatan;2021;Kerbau;Pemotongan Tercatat;7213
402;74;Sulawesi Tenggara;2021;Kerbau;Pemotongan Tercatat;127
403;75;Gorontalo;2021;Kerbau;Pemotongan Tercatat;0
404;76;Sulawesi Barat;2021;Kerbau;Pemotongan Tercatat;955
405;81;Maluku;2021;Kerbau;Pemotongan Tercatat;344
406;82;Maluku Utara;2021;Kerbau;Pemotongan Tercatat;0
407;92;Papua Barat;2021;Kerbau;Pemotongan Tercatat;0
408;91;Papua;2021;Kerbau;Pemotongan Tercatat;120
409;11;Aceh;2018;Kerbau;Pemotongan Tidak Tercatat;2044
410;12;Sumatera Utara;2018;Kerbau;Pemotongan Tidak Tercatat;2670
411;13;Sumatera Barat;2018;Kerbau;Pemotongan Tidak Tercatat;943
412;14;Riau;2018;Kerbau;Pemotongan Tidak Tercatat;1072
413;15;Jambi;2018;Kerbau;Pemotongan Tidak Tercatat;1731
414;16;Sumatera Selatan;2018;Kerbau;Pemotongan Tidak Tercatat;135
415;17;Bengkulu;2018;Kerbau;Pemotongan Tidak Tercatat;101
416;18;Lampung;2018;Kerbau;Pemotongan Tidak Tercatat;98
417;19;Kepulauan Bangka Belitung;2018;Kerbau;Pemotongan Tidak Tercatat;7
418;21;Kepulauan Riau;2018;Kerbau;Pemotongan Tidak Tercatat;0
419;31;DKI Jakarta;2018;Kerbau;Pemotongan Tidak Tercatat;7
420;32;Jawa Barat;2018;Kerbau;Pemotongan Tidak Tercatat;2984
421;33;Jawa Tengah;2018;Kerbau;Pemotongan Tidak Tercatat;1781
422;34;DI Yogyakarta;2018;Kerbau;Pemotongan Tidak Tercatat;24
423;35;Jawa Timur;2018;Kerbau;Pemotongan Tidak Tercatat;196
424;36;Banten;2018;Kerbau;Pemotongan Tidak Tercatat;16921
425;51;Bali;2018;Kerbau;Pemotongan Tidak Tercatat;0
426;52;Nusa Tenggara Barat;2018;Kerbau;Pemotongan Tidak Tercatat;957
427;53;Nusa Tenggara Timur;2018;Kerbau;Pemotongan Tidak Tercatat;1021
428;61;Kalimantan Barat;2018;Kerbau;Pemotongan Tidak Tercatat;0
429;62;Kalimantan Tengah;2018;Kerbau;Pemotongan Tidak Tercatat;226
430;63;Kalimantan Selatan;2018;Kerbau;Pemotongan Tidak Tercatat;0
431;64;Kalimantan Timur;2018;Kerbau;Pemotongan Tidak Tercatat;16
432;65;Kalimantan Utara;2018;Kerbau;Pemotongan Tidak Tercatat;2
433;71;Sulawesi Utara;2018;Kerbau;Pemotongan Tidak Tercatat;0
434;72;Sulawesi Tengah;2018;Kerbau;Pemotongan Tidak Tercatat;6
435;73;Sulawesi Selatan;2018;Kerbau;Pemotongan Tidak Tercatat;1487
436;74;Sulawesi Tenggara;2018;Kerbau;Pemotongan Tidak Tercatat;39
437;75;Gorontalo;2018;Kerbau;Pemotongan Tidak Tercatat;0
438;76;Sulawesi Barat;2018;Kerbau;Pemotongan Tidak Tercatat;62
439;81;Maluku;2018;Kerbau;Pemotongan Tidak Tercatat;24
440;82;Maluku Utara;2018;Kerbau;Pemotongan Tidak Tercatat;0
441;92;Papua Barat;2018;Kerbau;Pemotongan Tidak Tercatat;0
442;91;Papua;2018;Kerbau;Pemotongan Tidak Tercatat;11
443;11;Aceh;2019;Kerbau;Pemotongan Tidak Tercatat;1221
444;12;Sumatera Utara;2019;Kerbau;Pemotongan Tidak Tercatat;2642
445;13;Sumatera Barat;2019;Kerbau;Pemotongan Tidak Tercatat;915
446;14;Riau;2019;Kerbau;Pemotongan Tidak Tercatat;79
447;15;Jambi;2019;Kerbau;Pemotongan Tidak Tercatat;2618
448;16;Sumatera Selatan;2019;Kerbau;Pemotongan Tidak Tercatat;145
449;17;Bengkulu;2019;Kerbau;Pemotongan Tidak Tercatat;119
450;18;Lampung;2019;Kerbau;Pemotongan Tidak Tercatat;121
451;19;Kepulauan Bangka Belitung;2019;Kerbau;Pemotongan Tidak Tercatat;6
452;21;Kepulauan Riau;2019;Kerbau;Pemotongan Tidak Tercatat;0
453;31;DKI Jakarta;2019;Kerbau;Pemotongan Tidak Tercatat;12
454;32;Jawa Barat;2019;Kerbau;Pemotongan Tidak Tercatat;2174
455;33;Jawa Tengah;2019;Kerbau;Pemotongan Tidak Tercatat;2045
456;34;DI Yogyakarta;2019;Kerbau;Pemotongan Tidak Tercatat;0
457;35;Jawa Timur;2019;Kerbau;Pemotongan Tidak Tercatat;360
458;36;Banten;2019;Kerbau;Pemotongan Tidak Tercatat;1135
459;51;Bali;2019;Kerbau;Pemotongan Tidak Tercatat;7
460;52;Nusa Tenggara Barat;2019;Kerbau;Pemotongan Tidak Tercatat;1044
461;53;Nusa Tenggara Timur;2019;Kerbau;Pemotongan Tidak Tercatat;416
462;61;Kalimantan Barat;2019;Kerbau;Pemotongan Tidak Tercatat;0
463;62;Kalimantan Tengah;2019;Kerbau;Pemotongan Tidak Tercatat;235
464;63;Kalimantan Selatan;2019;Kerbau;Pemotongan Tidak Tercatat;0
465;64;Kalimantan Timur;2019;Kerbau;Pemotongan Tidak Tercatat;34
466;65;Kalimantan Utara;2019;Kerbau;Pemotongan Tidak Tercatat;2
467;71;Sulawesi Utara;2019;Kerbau;Pemotongan Tidak Tercatat;0
468;72;Sulawesi Tengah;2019;Kerbau;Pemotongan Tidak Tercatat;12
469;73;Sulawesi Selatan;2019;Kerbau;Pemotongan Tidak Tercatat;1822
470;74;Sulawesi Tenggara;2019;Kerbau;Pemotongan Tidak Tercatat;66
471;75;Gorontalo;2019;Kerbau;Pemotongan Tidak Tercatat;0
472;76;Sulawesi Barat;2019;Kerbau;Pemotongan Tidak Tercatat;64
473;81;Maluku;2019;Kerbau;Pemotongan Tidak Tercatat;23
474;82;Maluku Utara;2019;Kerbau;Pemotongan Tidak Tercatat;0
475;92;Papua Barat;2019;Kerbau;Pemotongan Tidak Tercatat;0
476;91;Papua;2019;Kerbau;Pemotongan Tidak Tercatat;12
477;11;Aceh;2020;Kerbau;Pemotongan Tidak Tercatat;1159
478;12;Sumatera Utara;2020;Kerbau;Pemotongan Tidak Tercatat;2010
479;13;Sumatera Barat;2020;Kerbau;Pemotongan Tidak Tercatat;724
480;14;Riau;2020;Kerbau;Pemotongan Tidak Tercatat;78
481;15;Jambi;2020;Kerbau;Pemotongan Tidak Tercatat;864
482;16;Sumatera Selatan;2020;Kerbau;Pemotongan Tidak Tercatat;187
483;17;Bengkulu;2020;Kerbau;Pemotongan Tidak Tercatat;878
484;18;Lampung;2020;Kerbau;Pemotongan Tidak Tercatat;69
485;19;Kepulauan Bangka Belitung;2020;Kerbau;Pemotongan Tidak Tercatat;4
486;21;Kepulauan Riau;2020;Kerbau;Pemotongan Tidak Tercatat;0
487;31;DKI Jakarta;2020;Kerbau;Pemotongan Tidak Tercatat;7
488;32;Jawa Barat;2020;Kerbau;Pemotongan Tidak Tercatat;1555
489;33;Jawa Tengah;2020;Kerbau;Pemotongan Tidak Tercatat;1660
490;34;DI Yogyakarta;2020;Kerbau;Pemotongan Tidak Tercatat;0
491;35;Jawa Timur;2020;Kerbau;Pemotongan Tidak Tercatat;296
492;36;Banten;2020;Kerbau;Pemotongan Tidak Tercatat;348
493;51;Bali;2020;Kerbau;Pemotongan Tidak Tercatat;6
494;52;Nusa Tenggara Barat;2020;Kerbau;Pemotongan Tidak Tercatat;538
495;53;Nusa Tenggara Timur;2020;Kerbau;Pemotongan Tidak Tercatat;0
496;61;Kalimantan Barat;2020;Kerbau;Pemotongan Tidak Tercatat;2
497;62;Kalimantan Tengah;2020;Kerbau;Pemotongan Tidak Tercatat;259
498;63;Kalimantan Selatan;2020;Kerbau;Pemotongan Tidak Tercatat;0
499;64;Kalimantan Timur;2020;Kerbau;Pemotongan Tidak Tercatat;28
500;65;Kalimantan Utara;2020;Kerbau;Pemotongan Tidak Tercatat;0
501;71;Sulawesi Utara;2020;Kerbau;Pemotongan Tidak Tercatat;0
502;72;Sulawesi Tengah;2020;Kerbau;Pemotongan Tidak Tercatat;5
503;73;Sulawesi Selatan;2020;Kerbau;Pemotongan Tidak Tercatat;1036
504;74;Sulawesi Tenggara;2020;Kerbau;Pemotongan Tidak Tercatat;16
505;75;Gorontalo;2020;Kerbau;Pemotongan Tidak Tercatat;0
506;76;Sulawesi Barat;2020;Kerbau;Pemotongan Tidak Tercatat;83
507;81;Maluku;2020;Kerbau;Pemotongan Tidak Tercatat;24
508;82;Maluku Utara;2020;Kerbau;Pemotongan Tidak Tercatat;0
509;92;Papua Barat;2020;Kerbau;Pemotongan Tidak Tercatat;0
510;91;Papua;2020;Kerbau;Pemotongan Tidak Tercatat;5
511;11;Aceh;2021;Kerbau;Pemotongan Tidak Tercatat;1320
512;12;Sumatera Utara;2021;Kerbau;Pemotongan Tidak Tercatat;2479
513;13;Sumatera Barat;2021;Kerbau;Pemotongan Tidak Tercatat;0
514;14;Riau;2021;Kerbau;Pemotongan Tidak Tercatat;0
515;15;Jambi;2021;Kerbau;Pemotongan Tidak Tercatat;636
516;16;Sumatera Selatan;2021;Kerbau;Pemotongan Tidak Tercatat;281
517;17;Bengkulu;2021;Kerbau;Pemotongan Tidak Tercatat;128
518;18;Lampung;2021;Kerbau;Pemotongan Tidak Tercatat;67
519;19;Kepulauan Bangka Belitung;2021;Kerbau;Pemotongan Tidak Tercatat;0
520;21;Kepulauan Riau;2021;Kerbau;Pemotongan Tidak Tercatat;0
521;31;DKI Jakarta;2021;Kerbau;Pemotongan Tidak Tercatat;4
522;32;Jawa Barat;2021;Kerbau;Pemotongan Tidak Tercatat;1300
523;33;Jawa Tengah;2021;Kerbau;Pemotongan Tidak Tercatat;977
524;34;DI Yogyakarta;2021;Kerbau;Pemotongan Tidak Tercatat;0
525;35;Jawa Timur;2021;Kerbau;Pemotongan Tidak Tercatat;62
526;36;Banten;2021;Kerbau;Pemotongan Tidak Tercatat;3658
527;51;Bali;2021;Kerbau;Pemotongan Tidak Tercatat;9
528;52;Nusa Tenggara Barat;2021;Kerbau;Pemotongan Tidak Tercatat;445
529;53;Nusa Tenggara Timur;2021;Kerbau;Pemotongan Tidak Tercatat;452
530;61;Kalimantan Barat;2021;Kerbau;Pemotongan Tidak Tercatat;21
531;62;Kalimantan Tengah;2021;Kerbau;Pemotongan Tidak Tercatat;207
532;63;Kalimantan Selatan;2021;Kerbau;Pemotongan Tidak Tercatat;0
533;64;Kalimantan Timur;2021;Kerbau;Pemotongan Tidak Tercatat;30
534;65;Kalimantan Utara;2021;Kerbau;Pemotongan Tidak Tercatat;3
535;71;Sulawesi Utara;2021;Kerbau;Pemotongan Tidak Tercatat;0
536;72;Sulawesi Tengah;2021;Kerbau;Pemotongan Tidak Tercatat;8
537;73;Sulawesi Selatan;2021;Kerbau;Pemotongan Tidak Tercatat;722
538;74;Sulawesi Tenggara;2021;Kerbau;Pemotongan Tidak Tercatat;12
539;75;Gorontalo;2021;Kerbau;Pemotongan Tidak Tercatat;0
540;76;Sulawesi Barat;2021;Kerbau;Pemotongan Tidak Tercatat;96
541;81;Maluku;2021;Kerbau;Pemotongan Tidak Tercatat;33
542;82;Maluku Utara;2021;Kerbau;Pemotongan Tidak Tercatat;0
543;92;Papua Barat;2021;Kerbau;Pemotongan Tidak Tercatat;0
544;91;Papua;2021;Kerbau;Pemotongan Tidak Tercatat;11
545;11;Aceh;2018;Kuda;Pemotongan Tercatat;0
546;12;Sumatera Utara;2018;Kuda;Pemotongan Tercatat;376
547;13;Sumatera Barat;2018;Kuda;Pemotongan Tercatat;41
548;14;Riau;2018;Kuda;Pemotongan Tercatat;0
549;15;Jambi;2018;Kuda;Pemotongan Tercatat;7
550;16;Sumatera Selatan;2018;Kuda;Pemotongan Tercatat;0
551;17;Bengkulu;2018;Kuda;Pemotongan Tercatat;0
552;18;Lampung;2018;Kuda;Pemotongan Tercatat;0
553;19;Kepulauan Bangka Belitung;2018;Kuda;Pemotongan Tercatat;0
554;21;Kepulauan Riau;2018;Kuda;Pemotongan Tercatat;0
555;31;DKI Jakarta;2018;Kuda;Pemotongan Tercatat;0
556;32;Jawa Barat;2018;Kuda;Pemotongan Tercatat;274
557;33;Jawa Tengah;2018;Kuda;Pemotongan Tercatat;13
558;34;DI Yogyakarta;2018;Kuda;Pemotongan Tercatat;510
559;35;Jawa Timur;2018;Kuda;Pemotongan Tercatat;0
560;36;Banten;2018;Kuda;Pemotongan Tercatat;0
561;51;Bali;2018;Kuda;Pemotongan Tercatat;0
562;52;Nusa Tenggara Barat;2018;Kuda;Pemotongan Tercatat;1143
563;53;Nusa Tenggara Timur;2018;Kuda;Pemotongan Tercatat;4165
564;61;Kalimantan Barat;2018;Kuda;Pemotongan Tercatat;0
565;62;Kalimantan Tengah;2018;Kuda;Pemotongan Tercatat;0
566;63;Kalimantan Selatan;2018;Kuda;Pemotongan Tercatat;7
567;64;Kalimantan Timur;2018;Kuda;Pemotongan Tercatat;0
568;65;Kalimantan Utara;2018;Kuda;Pemotongan Tercatat;6
569;71;Sulawesi Utara;2018;Kuda;Pemotongan Tercatat;0
570;72;Sulawesi Tengah;2018;Kuda;Pemotongan Tercatat;110
571;73;Sulawesi Selatan;2018;Kuda;Pemotongan Tercatat;8840
572;74;Sulawesi Tenggara;2018;Kuda;Pemotongan Tercatat;44
573;75;Gorontalo;2018;Kuda;Pemotongan Tercatat;0
574;76;Sulawesi Barat;2018;Kuda;Pemotongan Tercatat;0
575;81;Maluku;2018;Kuda;Pemotongan Tercatat;9
576;82;Maluku Utara;2018;Kuda;Pemotongan Tercatat;0
577;92;Papua Barat;2018;Kuda;Pemotongan Tercatat;0
578;91;Papua;2018;Kuda;Pemotongan Tercatat;94
579;11;Aceh;2019;Kuda;Pemotongan Tercatat;0
580;12;Sumatera Utara;2019;Kuda;Pemotongan Tercatat;247
581;13;Sumatera Barat;2019;Kuda;Pemotongan Tercatat;20
582;14;Riau;2019;Kuda;Pemotongan Tercatat;0
583;15;Jambi;2019;Kuda;Pemotongan Tercatat;0
584;16;Sumatera Selatan;2019;Kuda;Pemotongan Tercatat;0
585;17;Bengkulu;2019;Kuda;Pemotongan Tercatat;0
586;18;Lampung;2019;Kuda;Pemotongan Tercatat;0
587;19;Kepulauan Bangka Belitung;2019;Kuda;Pemotongan Tercatat;0
588;21;Kepulauan Riau;2019;Kuda;Pemotongan Tercatat;0
589;31;DKI Jakarta;2019;Kuda;Pemotongan Tercatat;0
590;32;Jawa Barat;2019;Kuda;Pemotongan Tercatat;24
591;33;Jawa Tengah;2019;Kuda;Pemotongan Tercatat;0
592;34;DI Yogyakarta;2019;Kuda;Pemotongan Tercatat;486
593;35;Jawa Timur;2019;Kuda;Pemotongan Tercatat;0
594;36;Banten;2019;Kuda;Pemotongan Tercatat;0
595;51;Bali;2019;Kuda;Pemotongan Tercatat;0
596;52;Nusa Tenggara Barat;2019;Kuda;Pemotongan Tercatat;592
597;53;Nusa Tenggara Timur;2019;Kuda;Pemotongan Tercatat;3021
598;61;Kalimantan Barat;2019;Kuda;Pemotongan Tercatat;0
599;62;Kalimantan Tengah;2019;Kuda;Pemotongan Tercatat;0
600;63;Kalimantan Selatan;2019;Kuda;Pemotongan Tercatat;14
601;64;Kalimantan Timur;2019;Kuda;Pemotongan Tercatat;0
602;65;Kalimantan Utara;2019;Kuda;Pemotongan Tercatat;2
603;71;Sulawesi Utara;2019;Kuda;Pemotongan Tercatat;0
604;72;Sulawesi Tengah;2019;Kuda;Pemotongan Tercatat;22
605;73;Sulawesi Selatan;2019;Kuda;Pemotongan Tercatat;6026
606;74;Sulawesi Tenggara;2019;Kuda;Pemotongan Tercatat;97
607;75;Gorontalo;2019;Kuda;Pemotongan Tercatat;0
608;76;Sulawesi Barat;2019;Kuda;Pemotongan Tercatat;0
609;81;Maluku;2019;Kuda;Pemotongan Tercatat;8
610;82;Maluku Utara;2019;Kuda;Pemotongan Tercatat;0
611;92;Papua Barat;2019;Kuda;Pemotongan Tercatat;0
612;91;Papua;2019;Kuda;Pemotongan Tercatat;103
613;11;Aceh;2020;Kuda;Pemotongan Tercatat;0
614;12;Sumatera Utara;2020;Kuda;Pemotongan Tercatat;279
615;13;Sumatera Barat;2020;Kuda;Pemotongan Tercatat;13
616;14;Riau;2020;Kuda;Pemotongan Tercatat;0
617;15;Jambi;2020;Kuda;Pemotongan Tercatat;24
618;16;Sumatera Selatan;2020;Kuda;Pemotongan Tercatat;2
619;17;Bengkulu;2020;Kuda;Pemotongan Tercatat;0
620;18;Lampung;2020;Kuda;Pemotongan Tercatat;0
621;19;Kepulauan Bangka Belitung;2020;Kuda;Pemotongan Tercatat;0
622;21;Kepulauan Riau;2020;Kuda;Pemotongan Tercatat;0
623;31;DKI Jakarta;2020;Kuda;Pemotongan Tercatat;0
624;32;Jawa Barat;2020;Kuda;Pemotongan Tercatat;14
625;33;Jawa Tengah;2020;Kuda;Pemotongan Tercatat;5
626;34;DI Yogyakarta;2020;Kuda;Pemotongan Tercatat;454
627;35;Jawa Timur;2020;Kuda;Pemotongan Tercatat;1
628;36;Banten;2020;Kuda;Pemotongan Tercatat;0
629;51;Bali;2020;Kuda;Pemotongan Tercatat;0
630;52;Nusa Tenggara Barat;2020;Kuda;Pemotongan Tercatat;837
631;53;Nusa Tenggara Timur;2020;Kuda;Pemotongan Tercatat;997
632;61;Kalimantan Barat;2020;Kuda;Pemotongan Tercatat;0
633;62;Kalimantan Tengah;2020;Kuda;Pemotongan Tercatat;0
634;63;Kalimantan Selatan;2020;Kuda;Pemotongan Tercatat;0
635;64;Kalimantan Timur;2020;Kuda;Pemotongan Tercatat;2
636;65;Kalimantan Utara;2020;Kuda;Pemotongan Tercatat;3
637;71;Sulawesi Utara;2020;Kuda;Pemotongan Tercatat;0
638;72;Sulawesi Tengah;2020;Kuda;Pemotongan Tercatat;103
639;73;Sulawesi Selatan;2020;Kuda;Pemotongan Tercatat;3406
640;74;Sulawesi Tenggara;2020;Kuda;Pemotongan Tercatat;54
641;75;Gorontalo;2020;Kuda;Pemotongan Tercatat;0
642;76;Sulawesi Barat;2020;Kuda;Pemotongan Tercatat;0
643;81;Maluku;2020;Kuda;Pemotongan Tercatat;13
644;82;Maluku Utara;2020;Kuda;Pemotongan Tercatat;0
645;92;Papua Barat;2020;Kuda;Pemotongan Tercatat;0
646;91;Papua;2020;Kuda;Pemotongan Tercatat;95
647;11;Aceh;2021;Kuda;Pemotongan Tercatat;0
648;12;Sumatera Utara;2021;Kuda;Pemotongan Tercatat;230
649;13;Sumatera Barat;2021;Kuda;Pemotongan Tercatat;16
650;14;Riau;2021;Kuda;Pemotongan Tercatat;0
651;15;Jambi;2021;Kuda;Pemotongan Tercatat;1
652;16;Sumatera Selatan;2021;Kuda;Pemotongan Tercatat;0
653;17;Bengkulu;2021;Kuda;Pemotongan Tercatat;0
654;18;Lampung;2021;Kuda;Pemotongan Tercatat;0
655;19;Kepulauan Bangka Belitung;2021;Kuda;Pemotongan Tercatat;1
656;21;Kepulauan Riau;2021;Kuda;Pemotongan Tercatat;0
657;31;DKI Jakarta;2021;Kuda;Pemotongan Tercatat;0
658;32;Jawa Barat;2021;Kuda;Pemotongan Tercatat;0
659;33;Jawa Tengah;2021;Kuda;Pemotongan Tercatat;6
660;34;DI Yogyakarta;2021;Kuda;Pemotongan Tercatat;493
661;35;Jawa Timur;2021;Kuda;Pemotongan Tercatat;82
662;36;Banten;2021;Kuda;Pemotongan Tercatat;0
663;51;Bali;2021;Kuda;Pemotongan Tercatat;0
664;52;Nusa Tenggara Barat;2021;Kuda;Pemotongan Tercatat;650
665;53;Nusa Tenggara Timur;2021;Kuda;Pemotongan Tercatat;1800
666;61;Kalimantan Barat;2021;Kuda;Pemotongan Tercatat;0
667;62;Kalimantan Tengah;2021;Kuda;Pemotongan Tercatat;0
668;63;Kalimantan Selatan;2021;Kuda;Pemotongan Tercatat;0
669;64;Kalimantan Timur;2021;Kuda;Pemotongan Tercatat;0
670;65;Kalimantan Utara;2021;Kuda;Pemotongan Tercatat;0
671;71;Sulawesi Utara;2021;Kuda;Pemotongan Tercatat;0
672;72;Sulawesi Tengah;2021;Kuda;Pemotongan Tercatat;6
673;73;Sulawesi Selatan;2021;Kuda;Pemotongan Tercatat;4552
674;74;Sulawesi Tenggara;2021;Kuda;Pemotongan Tercatat;105
675;75;Gorontalo;2021;Kuda;Pemotongan Tercatat;0
676;76;Sulawesi Barat;2021;Kuda;Pemotongan Tercatat;2
677;81;Maluku;2021;Kuda;Pemotongan Tercatat;17
678;82;Maluku Utara;2021;Kuda;Pemotongan Tercatat;0
679;92;Papua Barat;2021;Kuda;Pemotongan Tercatat;0
680;91;Papua;2021;Kuda;Pemotongan Tercatat;105
681;11;Aceh;2018;Kuda;Pemotongan Tidak Tercatat;0
682;12;Sumatera Utara;2018;Kuda;Pemotongan Tidak Tercatat;38
683;13;Sumatera Barat;2018;Kuda;Pemotongan Tidak Tercatat;4
684;14;Riau;2018;Kuda;Pemotongan Tidak Tercatat;0
685;15;Jambi;2018;Kuda;Pemotongan Tidak Tercatat;0
686;16;Sumatera Selatan;2018;Kuda;Pemotongan Tidak Tercatat;0
687;17;Bengkulu;2018;Kuda;Pemotongan Tidak Tercatat;0
688;18;Lampung;2018;Kuda;Pemotongan Tidak Tercatat;0
689;19;Kepulauan Bangka Belitung;2018;Kuda;Pemotongan Tidak Tercatat;0
690;21;Kepulauan Riau;2018;Kuda;Pemotongan Tidak Tercatat;0
691;31;DKI Jakarta;2018;Kuda;Pemotongan Tidak Tercatat;0
692;32;Jawa Barat;2018;Kuda;Pemotongan Tidak Tercatat;100
693;33;Jawa Tengah;2018;Kuda;Pemotongan Tidak Tercatat;0
694;34;DI Yogyakarta;2018;Kuda;Pemotongan Tidak Tercatat;55
695;35;Jawa Timur;2018;Kuda;Pemotongan Tidak Tercatat;85
696;36;Banten;2018;Kuda;Pemotongan Tidak Tercatat;0
697;51;Bali;2018;Kuda;Pemotongan Tidak Tercatat;0
698;52;Nusa Tenggara Barat;2018;Kuda;Pemotongan Tidak Tercatat;0
699;53;Nusa Tenggara Timur;2018;Kuda;Pemotongan Tidak Tercatat;419
700;61;Kalimantan Barat;2018;Kuda;Pemotongan Tidak Tercatat;0
701;62;Kalimantan Tengah;2018;Kuda;Pemotongan Tidak Tercatat;0
702;63;Kalimantan Selatan;2018;Kuda;Pemotongan Tidak Tercatat;0
703;64;Kalimantan Timur;2018;Kuda;Pemotongan Tidak Tercatat;0
704;65;Kalimantan Utara;2018;Kuda;Pemotongan Tidak Tercatat;1
705;71;Sulawesi Utara;2018;Kuda;Pemotongan Tidak Tercatat;0
706;72;Sulawesi Tengah;2018;Kuda;Pemotongan Tidak Tercatat;44
707;73;Sulawesi Selatan;2018;Kuda;Pemotongan Tidak Tercatat;884
708;74;Sulawesi Tenggara;2018;Kuda;Pemotongan Tidak Tercatat;10
709;75;Gorontalo;2018;Kuda;Pemotongan Tidak Tercatat;0
710;76;Sulawesi Barat;2018;Kuda;Pemotongan Tidak Tercatat;0
711;81;Maluku;2018;Kuda;Pemotongan Tidak Tercatat;1
712;82;Maluku Utara;2018;Kuda;Pemotongan Tidak Tercatat;0
713;92;Papua Barat;2018;Kuda;Pemotongan Tidak Tercatat;0
714;91;Papua;2018;Kuda;Pemotongan Tidak Tercatat;0
715;11;Aceh;2019;Kuda;Pemotongan Tidak Tercatat;0
716;12;Sumatera Utara;2019;Kuda;Pemotongan Tidak Tercatat;25
717;13;Sumatera Barat;2019;Kuda;Pemotongan Tidak Tercatat;2
718;14;Riau;2019;Kuda;Pemotongan Tidak Tercatat;0
719;15;Jambi;2019;Kuda;Pemotongan Tidak Tercatat;2
720;16;Sumatera Selatan;2019;Kuda;Pemotongan Tidak Tercatat;0
721;17;Bengkulu;2019;Kuda;Pemotongan Tidak Tercatat;0
722;18;Lampung;2019;Kuda;Pemotongan Tidak Tercatat;0
723;19;Kepulauan Bangka Belitung;2019;Kuda;Pemotongan Tidak Tercatat;0
724;21;Kepulauan Riau;2019;Kuda;Pemotongan Tidak Tercatat;0
725;31;DKI Jakarta;2019;Kuda;Pemotongan Tidak Tercatat;0
726;32;Jawa Barat;2019;Kuda;Pemotongan Tidak Tercatat;10
727;33;Jawa Tengah;2019;Kuda;Pemotongan Tidak Tercatat;0
728;34;DI Yogyakarta;2019;Kuda;Pemotongan Tidak Tercatat;52
729;35;Jawa Timur;2019;Kuda;Pemotongan Tidak Tercatat;164
730;36;Banten;2019;Kuda;Pemotongan Tidak Tercatat;0
731;51;Bali;2019;Kuda;Pemotongan Tidak Tercatat;0
732;52;Nusa Tenggara Barat;2019;Kuda;Pemotongan Tidak Tercatat;118
733;53;Nusa Tenggara Timur;2019;Kuda;Pemotongan Tidak Tercatat;152
734;61;Kalimantan Barat;2019;Kuda;Pemotongan Tidak Tercatat;0
735;62;Kalimantan Tengah;2019;Kuda;Pemotongan Tidak Tercatat;0
736;63;Kalimantan Selatan;2019;Kuda;Pemotongan Tidak Tercatat;0
737;64;Kalimantan Timur;2019;Kuda;Pemotongan Tidak Tercatat;0
738;65;Kalimantan Utara;2019;Kuda;Pemotongan Tidak Tercatat;0
739;71;Sulawesi Utara;2019;Kuda;Pemotongan Tidak Tercatat;0
740;72;Sulawesi Tengah;2019;Kuda;Pemotongan Tidak Tercatat;8
741;73;Sulawesi Selatan;2019;Kuda;Pemotongan Tidak Tercatat;1915
742;74;Sulawesi Tenggara;2019;Kuda;Pemotongan Tidak Tercatat;7
743;75;Gorontalo;2019;Kuda;Pemotongan Tidak Tercatat;0
744;76;Sulawesi Barat;2019;Kuda;Pemotongan Tidak Tercatat;0
745;81;Maluku;2019;Kuda;Pemotongan Tidak Tercatat;1
746;82;Maluku Utara;2019;Kuda;Pemotongan Tidak Tercatat;0
747;92;Papua Barat;2019;Kuda;Pemotongan Tidak Tercatat;0
748;91;Papua;2019;Kuda;Pemotongan Tidak Tercatat;0
749;11;Aceh;2020;Kuda;Pemotongan Tidak Tercatat;0
750;12;Sumatera Utara;2020;Kuda;Pemotongan Tidak Tercatat;27
751;13;Sumatera Barat;2020;Kuda;Pemotongan Tidak Tercatat;1
752;14;Riau;2020;Kuda;Pemotongan Tidak Tercatat;0
753;15;Jambi;2020;Kuda;Pemotongan Tidak Tercatat;2
754;16;Sumatera Selatan;2020;Kuda;Pemotongan Tidak Tercatat;0
755;17;Bengkulu;2020;Kuda;Pemotongan Tidak Tercatat;0
756;18;Lampung;2020;Kuda;Pemotongan Tidak Tercatat;0
757;19;Kepulauan Bangka Belitung;2020;Kuda;Pemotongan Tidak Tercatat;0
758;21;Kepulauan Riau;2020;Kuda;Pemotongan Tidak Tercatat;0
759;31;DKI Jakarta;2020;Kuda;Pemotongan Tidak Tercatat;0
760;32;Jawa Barat;2020;Kuda;Pemotongan Tidak Tercatat;6
761;33;Jawa Tengah;2020;Kuda;Pemotongan Tidak Tercatat;0
762;34;DI Yogyakarta;2020;Kuda;Pemotongan Tidak Tercatat;49
763;35;Jawa Timur;2020;Kuda;Pemotongan Tidak Tercatat;118
764;36;Banten;2020;Kuda;Pemotongan Tidak Tercatat;0
765;51;Bali;2020;Kuda;Pemotongan Tidak Tercatat;0
766;52;Nusa Tenggara Barat;2020;Kuda;Pemotongan Tidak Tercatat;0
767;53;Nusa Tenggara Timur;2020;Kuda;Pemotongan Tidak Tercatat;49
768;61;Kalimantan Barat;2020;Kuda;Pemotongan Tidak Tercatat;0
769;62;Kalimantan Tengah;2020;Kuda;Pemotongan Tidak Tercatat;0
770;63;Kalimantan Selatan;2020;Kuda;Pemotongan Tidak Tercatat;0
771;64;Kalimantan Timur;2020;Kuda;Pemotongan Tidak Tercatat;0
772;65;Kalimantan Utara;2020;Kuda;Pemotongan Tidak Tercatat;0
773;71;Sulawesi Utara;2020;Kuda;Pemotongan Tidak Tercatat;0
774;72;Sulawesi Tengah;2020;Kuda;Pemotongan Tidak Tercatat;42
775;73;Sulawesi Selatan;2020;Kuda;Pemotongan Tidak Tercatat;1943
776;74;Sulawesi Tenggara;2020;Kuda;Pemotongan Tidak Tercatat;23
777;75;Gorontalo;2020;Kuda;Pemotongan Tidak Tercatat;0
778;76;Sulawesi Barat;2020;Kuda;Pemotongan Tidak Tercatat;0
779;81;Maluku;2020;Kuda;Pemotongan Tidak Tercatat;1
780;82;Maluku Utara;2020;Kuda;Pemotongan Tidak Tercatat;0
781;92;Papua Barat;2020;Kuda;Pemotongan Tidak Tercatat;0
782;91;Papua;2020;Kuda;Pemotongan Tidak Tercatat;0
783;11;Aceh;2021;Kuda;Pemotongan Tidak Tercatat;0
784;12;Sumatera Utara;2021;Kuda;Pemotongan Tidak Tercatat;22
785;13;Sumatera Barat;2021;Kuda;Pemotongan Tidak Tercatat;0
786;14;Riau;2021;Kuda;Pemotongan Tidak Tercatat;0
787;15;Jambi;2021;Kuda;Pemotongan Tidak Tercatat;0
788;16;Sumatera Selatan;2021;Kuda;Pemotongan Tidak Tercatat;0
789;17;Bengkulu;2021;Kuda;Pemotongan Tidak Tercatat;0
790;18;Lampung;2021;Kuda;Pemotongan Tidak Tercatat;0
791;19;Kepulauan Bangka Belitung;2021;Kuda;Pemotongan Tidak Tercatat;0
792;21;Kepulauan Riau;2021;Kuda;Pemotongan Tidak Tercatat;0
793;31;DKI Jakarta;2021;Kuda;Pemotongan Tidak Tercatat;0
794;32;Jawa Barat;2021;Kuda;Pemotongan Tidak Tercatat;0
795;33;Jawa Tengah;2021;Kuda;Pemotongan Tidak Tercatat;6
796;34;DI Yogyakarta;2021;Kuda;Pemotongan Tidak Tercatat;53
797;35;Jawa Timur;2021;Kuda;Pemotongan Tidak Tercatat;21
798;36;Banten;2021;Kuda;Pemotongan Tidak Tercatat;0
799;51;Bali;2021;Kuda;Pemotongan Tidak Tercatat;0
800;52;Nusa Tenggara Barat;2021;Kuda;Pemotongan Tidak Tercatat;130
801;53;Nusa Tenggara Timur;2021;Kuda;Pemotongan Tidak Tercatat;91
802;61;Kalimantan Barat;2021;Kuda;Pemotongan Tidak Tercatat;0
803;62;Kalimantan Tengah;2021;Kuda;Pemotongan Tidak Tercatat;0
804;63;Kalimantan Selatan;2021;Kuda;Pemotongan Tidak Tercatat;0
805;64;Kalimantan Timur;2021;Kuda;Pemotongan Tidak Tercatat;0
806;65;Kalimantan Utara;2021;Kuda;Pemotongan Tidak Tercatat;0
807;71;Sulawesi Utara;2021;Kuda;Pemotongan Tidak Tercatat;0
808;72;Sulawesi Tengah;2021;Kuda;Pemotongan Tidak Tercatat;2
809;73;Sulawesi Selatan;2021;Kuda;Pemotongan Tidak Tercatat;456
810;74;Sulawesi Tenggara;2021;Kuda;Pemotongan Tidak Tercatat;7
811;75;Gorontalo;2021;Kuda;Pemotongan Tidak Tercatat;0
812;76;Sulawesi Barat;2021;Kuda;Pemotongan Tidak Tercatat;0
813;81;Maluku;2021;Kuda;Pemotongan Tidak Tercatat;1
814;82;Maluku Utara;2021;Kuda;Pemotongan Tidak Tercatat;0
815;92;Papua Barat;2021;Kuda;Pemotongan Tidak Tercatat;0
816;91;Papua;2021;Kuda;Pemotongan Tidak Tercatat;0
817;11;Aceh;2018;Kambing;Pemotongan Tercatat;129894
818;12;Sumatera Utara;2018;Kambing;Pemotongan Tercatat;38748
819;13;Sumatera Barat;2018;Kambing;Pemotongan Tercatat;31938
820;14;Riau;2018;Kambing;Pemotongan Tercatat;21067
821;15;Jambi;2018;Kambing;Pemotongan Tercatat;27898
822;16;Sumatera Selatan;2018;Kambing;Pemotongan Tercatat;90487
823;17;Bengkulu;2018;Kambing;Pemotongan Tercatat;4568
824;18;Lampung;2018;Kambing;Pemotongan Tercatat;80107
825;19;Kepulauan Bangka Belitung;2018;Kambing;Pemotongan Tercatat;1282
826;21;Kepulauan Riau;2018;Kambing;Pemotongan Tercatat;13549
827;31;DKI Jakarta;2018;Kambing;Pemotongan Tercatat;101532
828;32;Jawa Barat;2018;Kambing;Pemotongan Tercatat;120370
829;33;Jawa Tengah;2018;Kambing;Pemotongan Tercatat;492813
830;34;DI Yogyakarta;2018;Kambing;Pemotongan Tercatat;69530
831;35;Jawa Timur;2018;Kambing;Pemotongan Tercatat;237623
832;36;Banten;2018;Kambing;Pemotongan Tercatat;23672
833;51;Bali;2018;Kambing;Pemotongan Tercatat;34868
834;52;Nusa Tenggara Barat;2018;Kambing;Pemotongan Tercatat;17362
835;53;Nusa Tenggara Timur;2018;Kambing;Pemotongan Tercatat;41646
836;61;Kalimantan Barat;2018;Kambing;Pemotongan Tercatat;28400
837;62;Kalimantan Tengah;2018;Kambing;Pemotongan Tercatat;2599
838;63;Kalimantan Selatan;2018;Kambing;Pemotongan Tercatat;20874
839;64;Kalimantan Timur;2018;Kambing;Pemotongan Tercatat;40714
840;65;Kalimantan Utara;2018;Kambing;Pemotongan Tercatat;3654
841;71;Sulawesi Utara;2018;Kambing;Pemotongan Tercatat;14109
842;72;Sulawesi Tengah;2018;Kambing;Pemotongan Tercatat;58842
843;73;Sulawesi Selatan;2018;Kambing;Pemotongan Tercatat;75351
844;74;Sulawesi Tenggara;2018;Kambing;Pemotongan Tercatat;18303
845;75;Gorontalo;2018;Kambing;Pemotongan Tercatat;14319
846;76;Sulawesi Barat;2018;Kambing;Pemotongan Tercatat;9610
847;81;Maluku;2018;Kambing;Pemotongan Tercatat;9255
848;82;Maluku Utara;2018;Kambing;Pemotongan Tercatat;6131
849;92;Papua Barat;2018;Kambing;Pemotongan Tercatat;3342
850;91;Papua;2018;Kambing;Pemotongan Tercatat;12263
851;11;Aceh;2019;Kambing;Pemotongan Tercatat;101004
852;12;Sumatera Utara;2019;Kambing;Pemotongan Tercatat;39497
853;13;Sumatera Barat;2019;Kambing;Pemotongan Tercatat;27799
854;14;Riau;2019;Kambing;Pemotongan Tercatat;37571
855;15;Jambi;2019;Kambing;Pemotongan Tercatat;89427
856;16;Sumatera Selatan;2019;Kambing;Pemotongan Tercatat;77544
857;17;Bengkulu;2019;Kambing;Pemotongan Tercatat;4338
858;18;Lampung;2019;Kambing;Pemotongan Tercatat;92247
859;19;Kepulauan Bangka Belitung;2019;Kambing;Pemotongan Tercatat;1357
860;21;Kepulauan Riau;2019;Kambing;Pemotongan Tercatat;21045
861;31;DKI Jakarta;2019;Kambing;Pemotongan Tercatat;65740
862;32;Jawa Barat;2019;Kambing;Pemotongan Tercatat;360765
863;33;Jawa Tengah;2019;Kambing;Pemotongan Tercatat;470779
864;34;DI Yogyakarta;2019;Kambing;Pemotongan Tercatat;76630
865;35;Jawa Timur;2019;Kambing;Pemotongan Tercatat;249050
866;36;Banten;2019;Kambing;Pemotongan Tercatat;235185
867;51;Bali;2019;Kambing;Pemotongan Tercatat;36621
868;52;Nusa Tenggara Barat;2019;Kambing;Pemotongan Tercatat;17981
869;53;Nusa Tenggara Timur;2019;Kambing;Pemotongan Tercatat;174865
870;61;Kalimantan Barat;2019;Kambing;Pemotongan Tercatat;28323
871;62;Kalimantan Tengah;2019;Kambing;Pemotongan Tercatat;6229
872;63;Kalimantan Selatan;2019;Kambing;Pemotongan Tercatat;18366
873;64;Kalimantan Timur;2019;Kambing;Pemotongan Tercatat;37516
874;65;Kalimantan Utara;2019;Kambing;Pemotongan Tercatat;6291
875;71;Sulawesi Utara;2019;Kambing;Pemotongan Tercatat;12897
876;72;Sulawesi Tengah;2019;Kambing;Pemotongan Tercatat;73575
877;73;Sulawesi Selatan;2019;Kambing;Pemotongan Tercatat;36655
878;74;Sulawesi Tenggara;2019;Kambing;Pemotongan Tercatat;16815
879;75;Gorontalo;2019;Kambing;Pemotongan Tercatat;11377
880;76;Sulawesi Barat;2019;Kambing;Pemotongan Tercatat;7579
881;81;Maluku;2019;Kambing;Pemotongan Tercatat;11190
882;82;Maluku Utara;2019;Kambing;Pemotongan Tercatat;4864
883;92;Papua Barat;2019;Kambing;Pemotongan Tercatat;3195
884;91;Papua;2019;Kambing;Pemotongan Tercatat;12109
885;11;Aceh;2020;Kambing;Pemotongan Tercatat;88970
886;12;Sumatera Utara;2020;Kambing;Pemotongan Tercatat;31679
887;13;Sumatera Barat;2020;Kambing;Pemotongan Tercatat;26430
888;14;Riau;2020;Kambing;Pemotongan Tercatat;49921
889;15;Jambi;2020;Kambing;Pemotongan Tercatat;80327
890;16;Sumatera Selatan;2020;Kambing;Pemotongan Tercatat;65213
891;17;Bengkulu;2020;Kambing;Pemotongan Tercatat;5414
892;18;Lampung;2020;Kambing;Pemotongan Tercatat;96750
893;19;Kepulauan Bangka Belitung;2020;Kambing;Pemotongan Tercatat;1075
894;21;Kepulauan Riau;2020;Kambing;Pemotongan Tercatat;13086
895;31;DKI Jakarta;2020;Kambing;Pemotongan Tercatat;45045
896;32;Jawa Barat;2020;Kambing;Pemotongan Tercatat;79921
897;33;Jawa Tengah;2020;Kambing;Pemotongan Tercatat;477234
898;34;DI Yogyakarta;2020;Kambing;Pemotongan Tercatat;71083
899;35;Jawa Timur;2020;Kambing;Pemotongan Tercatat;213678
900;36;Banten;2020;Kambing;Pemotongan Tercatat;123414
901;51;Bali;2020;Kambing;Pemotongan Tercatat;33649
902;52;Nusa Tenggara Barat;2020;Kambing;Pemotongan Tercatat;22499
903;53;Nusa Tenggara Timur;2020;Kambing;Pemotongan Tercatat;41857
904;61;Kalimantan Barat;2020;Kambing;Pemotongan Tercatat;26632
905;62;Kalimantan Tengah;2020;Kambing;Pemotongan Tercatat;2728
906;63;Kalimantan Selatan;2020;Kambing;Pemotongan Tercatat;17970
907;64;Kalimantan Timur;2020;Kambing;Pemotongan Tercatat;38528
908;65;Kalimantan Utara;2020;Kambing;Pemotongan Tercatat;4757
909;71;Sulawesi Utara;2020;Kambing;Pemotongan Tercatat;10600
910;72;Sulawesi Tengah;2020;Kambing;Pemotongan Tercatat;91819
911;73;Sulawesi Selatan;2020;Kambing;Pemotongan Tercatat;19336
912;74;Sulawesi Tenggara;2020;Kambing;Pemotongan Tercatat;14188
913;75;Gorontalo;2020;Kambing;Pemotongan Tercatat;12382
914;76;Sulawesi Barat;2020;Kambing;Pemotongan Tercatat;7248
915;81;Maluku;2020;Kambing;Pemotongan Tercatat;14892
916;82;Maluku Utara;2020;Kambing;Pemotongan Tercatat;5072
917;92;Papua Barat;2020;Kambing;Pemotongan Tercatat;2741
918;91;Papua;2020;Kambing;Pemotongan Tercatat;11015
919;11;Aceh;2021;Kambing;Pemotongan Tercatat;91477
920;12;Sumatera Utara;2021;Kambing;Pemotongan Tercatat;22028
921;13;Sumatera Barat;2021;Kambing;Pemotongan Tercatat;27274
922;14;Riau;2021;Kambing;Pemotongan Tercatat;58609
923;15;Jambi;2021;Kambing;Pemotongan Tercatat;37713
924;16;Sumatera Selatan;2021;Kambing;Pemotongan Tercatat;79798
925;17;Bengkulu;2021;Kambing;Pemotongan Tercatat;5079
926;18;Lampung;2021;Kambing;Pemotongan Tercatat;192888
927;19;Kepulauan Bangka Belitung;2021;Kambing;Pemotongan Tercatat;13339
928;21;Kepulauan Riau;2021;Kambing;Pemotongan Tercatat;13171
929;31;DKI Jakarta;2021;Kambing;Pemotongan Tercatat;52157
930;32;Jawa Barat;2021;Kambing;Pemotongan Tercatat;56962
931;33;Jawa Tengah;2021;Kambing;Pemotongan Tercatat;554240
932;34;DI Yogyakarta;2021;Kambing;Pemotongan Tercatat;68575
933;35;Jawa Timur;2021;Kambing;Pemotongan Tercatat;1005081
934;36;Banten;2021;Kambing;Pemotongan Tercatat;61205
935;51;Bali;2021;Kambing;Pemotongan Tercatat;38126
936;52;Nusa Tenggara Barat;2021;Kambing;Pemotongan Tercatat;23188
937;53;Nusa Tenggara Timur;2021;Kambing;Pemotongan Tercatat;49499
938;61;Kalimantan Barat;2021;Kambing;Pemotongan Tercatat;14955
939;62;Kalimantan Tengah;2021;Kambing;Pemotongan Tercatat;2433
940;63;Kalimantan Selatan;2021;Kambing;Pemotongan Tercatat;27754
941;64;Kalimantan Timur;2021;Kambing;Pemotongan Tercatat;51093
942;65;Kalimantan Utara;2021;Kambing;Pemotongan Tercatat;7919
943;71;Sulawesi Utara;2021;Kambing;Pemotongan Tercatat;6136
944;72;Sulawesi Tengah;2021;Kambing;Pemotongan Tercatat;90700
945;73;Sulawesi Selatan;2021;Kambing;Pemotongan Tercatat;62870
946;74;Sulawesi Tenggara;2021;Kambing;Pemotongan Tercatat;9966
947;75;Gorontalo;2021;Kambing;Pemotongan Tercatat;12507
948;76;Sulawesi Barat;2021;Kambing;Pemotongan Tercatat;6769
949;81;Maluku;2021;Kambing;Pemotongan Tercatat;11263
950;82;Maluku Utara;2021;Kambing;Pemotongan Tercatat;5210
951;92;Papua Barat;2021;Kambing;Pemotongan Tercatat;1585
952;91;Papua;2021;Kambing;Pemotongan Tercatat;8077
953;11;Aceh;2018;Kambing;Pemotongan Tidak Tercatat;97424
954;12;Sumatera Utara;2018;Kambing;Pemotongan Tidak Tercatat;51635
955;13;Sumatera Barat;2018;Kambing;Pemotongan Tidak Tercatat;23955
956;14;Riau;2018;Kambing;Pemotongan Tidak Tercatat;45044
957;15;Jambi;2018;Kambing;Pemotongan Tidak Tercatat;88227
958;16;Sumatera Selatan;2018;Kambing;Pemotongan Tidak Tercatat;67869
959;17;Bengkulu;2018;Kambing;Pemotongan Tidak Tercatat;3426
960;18;Lampung;2018;Kambing;Pemotongan Tidak Tercatat;25994
961;19;Kepulauan Bangka Belitung;2018;Kambing;Pemotongan Tidak Tercatat;5835
962;21;Kepulauan Riau;2018;Kambing;Pemotongan Tidak Tercatat;10163
963;31;DKI Jakarta;2018;Kambing;Pemotongan Tidak Tercatat;15231
964;32;Jawa Barat;2018;Kambing;Pemotongan Tidak Tercatat;529919
965;33;Jawa Tengah;2018;Kambing;Pemotongan Tidak Tercatat;316176
966;34;DI Yogyakarta;2018;Kambing;Pemotongan Tidak Tercatat;59228
967;35;Jawa Timur;2018;Kambing;Pemotongan Tidak Tercatat;1123838
968;36;Banten;2018;Kambing;Pemotongan Tidak Tercatat;112752
969;51;Bali;2018;Kambing;Pemotongan Tidak Tercatat;26153
970;52;Nusa Tenggara Barat;2018;Kambing;Pemotongan Tidak Tercatat;1738
971;53;Nusa Tenggara Timur;2018;Kambing;Pemotongan Tidak Tercatat;124938
972;61;Kalimantan Barat;2018;Kambing;Pemotongan Tidak Tercatat;0
973;62;Kalimantan Tengah;2018;Kambing;Pemotongan Tidak Tercatat;15090
974;63;Kalimantan Selatan;2018;Kambing;Pemotongan Tidak Tercatat;0
975;64;Kalimantan Timur;2018;Kambing;Pemotongan Tidak Tercatat;8548
976;65;Kalimantan Utara;2018;Kambing;Pemotongan Tidak Tercatat;371
977;71;Sulawesi Utara;2018;Kambing;Pemotongan Tidak Tercatat;0
978;72;Sulawesi Tengah;2018;Kambing;Pemotongan Tidak Tercatat;29423
979;73;Sulawesi Selatan;2018;Kambing;Pemotongan Tidak Tercatat;13563
980;74;Sulawesi Tenggara;2018;Kambing;Pemotongan Tidak Tercatat;9878
981;75;Gorontalo;2018;Kambing;Pemotongan Tidak Tercatat;10739
982;76;Sulawesi Barat;2018;Kambing;Pemotongan Tidak Tercatat;7207
983;81;Maluku;2018;Kambing;Pemotongan Tidak Tercatat;6943
984;82;Maluku Utara;2018;Kambing;Pemotongan Tidak Tercatat;4292
985;92;Papua Barat;2018;Kambing;Pemotongan Tidak Tercatat;2506
986;91;Papua;2018;Kambing;Pemotongan Tidak Tercatat;9202
987;11;Aceh;2019;Kambing;Pemotongan Tidak Tercatat;75754
988;12;Sumatera Utara;2019;Kambing;Pemotongan Tidak Tercatat;43843
989;13;Sumatera Barat;2019;Kambing;Pemotongan Tidak Tercatat;20849
990;14;Riau;2019;Kambing;Pemotongan Tidak Tercatat;15715
991;15;Jambi;2019;Kambing;Pemotongan Tidak Tercatat;58642
992;16;Sumatera Selatan;2019;Kambing;Pemotongan Tidak Tercatat;58161
993;17;Bengkulu;2019;Kambing;Pemotongan Tidak Tercatat;3255
994;18;Lampung;2019;Kambing;Pemotongan Tidak Tercatat;33421
995;19;Kepulauan Bangka Belitung;2019;Kambing;Pemotongan Tidak Tercatat;4711
996;21;Kepulauan Riau;2019;Kambing;Pemotongan Tidak Tercatat;15786
997;31;DKI Jakarta;2019;Kambing;Pemotongan Tidak Tercatat;9861
998;32;Jawa Barat;2019;Kambing;Pemotongan Tidak Tercatat;107136
999;33;Jawa Tengah;2019;Kambing;Pemotongan Tidak Tercatat;380898
1000;34;DI Yogyakarta;2019;Kambing;Pemotongan Tidak Tercatat;75174
1001;35;Jawa Timur;2019;Kambing;Pemotongan Tidak Tercatat;1200367
1002;36;Banten;2019;Kambing;Pemotongan Tidak Tercatat;121119
1003;51;Bali;2019;Kambing;Pemotongan Tidak Tercatat;27468
1004;52;Nusa Tenggara Barat;2019;Kambing;Pemotongan Tidak Tercatat;3596
1005;53;Nusa Tenggara Timur;2019;Kambing;Pemotongan Tidak Tercatat;17488
1006;61;Kalimantan Barat;2019;Kambing;Pemotongan Tidak Tercatat;0
1007;62;Kalimantan Tengah;2019;Kambing;Pemotongan Tidak Tercatat;10788
1008;63;Kalimantan Selatan;2019;Kambing;Pemotongan Tidak Tercatat;0
1009;64;Kalimantan Timur;2019;Kambing;Pemotongan Tidak Tercatat;6438
1010;65;Kalimantan Utara;2019;Kambing;Pemotongan Tidak Tercatat;637
1011;71;Sulawesi Utara;2019;Kambing;Pemotongan Tidak Tercatat;1291
1012;72;Sulawesi Tengah;2019;Kambing;Pemotongan Tidak Tercatat;36790
1013;73;Sulawesi Selatan;2019;Kambing;Pemotongan Tidak Tercatat;51032
1014;74;Sulawesi Tenggara;2019;Kambing;Pemotongan Tidak Tercatat;7907
1015;75;Gorontalo;2019;Kambing;Pemotongan Tidak Tercatat;8533
1016;76;Sulawesi Barat;2019;Kambing;Pemotongan Tidak Tercatat;5686
1017;81;Maluku;2019;Kambing;Pemotongan Tidak Tercatat;8392
1018;82;Maluku Utara;2019;Kambing;Pemotongan Tidak Tercatat;1703
1019;92;Papua Barat;2019;Kambing;Pemotongan Tidak Tercatat;2412
1020;91;Papua;2019;Kambing;Pemotongan Tidak Tercatat;9085
1021;11;Aceh;2020;Kambing;Pemotongan Tidak Tercatat;66730
1022;12;Sumatera Utara;2020;Kambing;Pemotongan Tidak Tercatat;31574
1023;13;Sumatera Barat;2020;Kambing;Pemotongan Tidak Tercatat;19826
1024;14;Riau;2020;Kambing;Pemotongan Tidak Tercatat;373
1025;15;Jambi;2020;Kambing;Pemotongan Tidak Tercatat;8032
1026;16;Sumatera Selatan;2020;Kambing;Pemotongan Tidak Tercatat;48941
1027;17;Bengkulu;2020;Kambing;Pemotongan Tidak Tercatat;4062
1028;18;Lampung;2020;Kambing;Pemotongan Tidak Tercatat;72565
1029;19;Kepulauan Bangka Belitung;2020;Kambing;Pemotongan Tidak Tercatat;7101
1030;21;Kepulauan Riau;2020;Kambing;Pemotongan Tidak Tercatat;9815
1031;31;DKI Jakarta;2020;Kambing;Pemotongan Tidak Tercatat;18018
1032;32;Jawa Barat;2020;Kambing;Pemotongan Tidak Tercatat;274102
1033;33;Jawa Tengah;2020;Kambing;Pemotongan Tidak Tercatat;381443
1034;34;DI Yogyakarta;2020;Kambing;Pemotongan Tidak Tercatat;69732
1035;35;Jawa Timur;2020;Kambing;Pemotongan Tidak Tercatat;1010878
1036;36;Banten;2020;Kambing;Pemotongan Tidak Tercatat;133817
1037;51;Bali;2020;Kambing;Pemotongan Tidak Tercatat;88990
1038;52;Nusa Tenggara Barat;2020;Kambing;Pemotongan Tidak Tercatat;4499
1039;53;Nusa Tenggara Timur;2020;Kambing;Pemotongan Tidak Tercatat;16741
1040;61;Kalimantan Barat;2020;Kambing;Pemotongan Tidak Tercatat;1225
1041;62;Kalimantan Tengah;2020;Kambing;Pemotongan Tidak Tercatat;15476
1042;63;Kalimantan Selatan;2020;Kambing;Pemotongan Tidak Tercatat;0
1043;64;Kalimantan Timur;2020;Kambing;Pemotongan Tidak Tercatat;6627
1044;65;Kalimantan Utara;2020;Kambing;Pemotongan Tidak Tercatat;3568
1045;71;Sulawesi Utara;2020;Kambing;Pemotongan Tidak Tercatat;1060
1046;72;Sulawesi Tengah;2020;Kambing;Pemotongan Tidak Tercatat;45912
1047;73;Sulawesi Selatan;2020;Kambing;Pemotongan Tidak Tercatat;40970
1048;74;Sulawesi Tenggara;2020;Kambing;Pemotongan Tidak Tercatat;11447
1049;75;Gorontalo;2020;Kambing;Pemotongan Tidak Tercatat;9286
1050;76;Sulawesi Barat;2020;Kambing;Pemotongan Tidak Tercatat;5436
1051;81;Maluku;2020;Kambing;Pemotongan Tidak Tercatat;7493
1052;82;Maluku Utara;2020;Kambing;Pemotongan Tidak Tercatat;3806
1053;92;Papua Barat;2020;Kambing;Pemotongan Tidak Tercatat;2058
1054;91;Papua;2020;Kambing;Pemotongan Tidak Tercatat;8265
1055;11;Aceh;2021;Kambing;Pemotongan Tidak Tercatat;68610
1056;12;Sumatera Utara;2021;Kambing;Pemotongan Tidak Tercatat;45108
1057;13;Sumatera Barat;2021;Kambing;Pemotongan Tidak Tercatat;0
1058;14;Riau;2021;Kambing;Pemotongan Tidak Tercatat;0
1059;15;Jambi;2021;Kambing;Pemotongan Tidak Tercatat;25372
1060;16;Sumatera Selatan;2021;Kambing;Pemotongan Tidak Tercatat;59850
1061;17;Bengkulu;2021;Kambing;Pemotongan Tidak Tercatat;3810
1062;18;Lampung;2021;Kambing;Pemotongan Tidak Tercatat;144667
1063;19;Kepulauan Bangka Belitung;2021;Kambing;Pemotongan Tidak Tercatat;10006
1064;21;Kepulauan Riau;2021;Kambing;Pemotongan Tidak Tercatat;9879
1065;31;DKI Jakarta;2021;Kambing;Pemotongan Tidak Tercatat;3652
1066;32;Jawa Barat;2021;Kambing;Pemotongan Tidak Tercatat;110591
1067;33;Jawa Tengah;2021;Kambing;Pemotongan Tidak Tercatat;325794
1068;34;DI Yogyakarta;2021;Kambing;Pemotongan Tidak Tercatat;41975
1069;35;Jawa Timur;2021;Kambing;Pemotongan Tidak Tercatat;251269
1070;36;Banten;2021;Kambing;Pemotongan Tidak Tercatat;152741
1071;51;Bali;2021;Kambing;Pemotongan Tidak Tercatat;100832
1072;52;Nusa Tenggara Barat;2021;Kambing;Pemotongan Tidak Tercatat;4638
1073;53;Nusa Tenggara Timur;2021;Kambing;Pemotongan Tidak Tercatat;19799
1074;61;Kalimantan Barat;2021;Kambing;Pemotongan Tidak Tercatat;11219
1075;62;Kalimantan Tengah;2021;Kambing;Pemotongan Tidak Tercatat;15877
1076;63;Kalimantan Selatan;2021;Kambing;Pemotongan Tidak Tercatat;0
1077;64;Kalimantan Timur;2021;Kambing;Pemotongan Tidak Tercatat;8788
1078;65;Kalimantan Utara;2021;Kambing;Pemotongan Tidak Tercatat;5940
1079;71;Sulawesi Utara;2021;Kambing;Pemotongan Tidak Tercatat;615
1080;72;Sulawesi Tengah;2021;Kambing;Pemotongan Tidak Tercatat;45353
1081;73;Sulawesi Selatan;2021;Kambing;Pemotongan Tidak Tercatat;6287
1082;74;Sulawesi Tenggara;2021;Kambing;Pemotongan Tidak Tercatat;6246
1083;75;Gorontalo;2021;Kambing;Pemotongan Tidak Tercatat;9381
1084;76;Sulawesi Barat;2021;Kambing;Pemotongan Tidak Tercatat;5078
1085;81;Maluku;2021;Kambing;Pemotongan Tidak Tercatat;7330
1086;82;Maluku Utara;2021;Kambing;Pemotongan Tidak Tercatat;791
1087;92;Papua Barat;2021;Kambing;Pemotongan Tidak Tercatat;1191
1088;91;Papua;2021;Kambing;Pemotongan Tidak Tercatat;6061
1089;11;Aceh;2018;Domba;Pemotongan Tercatat;20179
1090;12;Sumatera Utara;2018;Domba;Pemotongan Tercatat;13507
1091;13;Sumatera Barat;2018;Domba;Pemotongan Tercatat;1449
1092;14;Riau;2018;Domba;Pemotongan Tercatat;1035
1093;15;Jambi;2018;Domba;Pemotongan Tercatat;5379
1094;16;Sumatera Selatan;2018;Domba;Pemotongan Tercatat;9637
1095;17;Bengkulu;2018;Domba;Pemotongan Tercatat;280
1096;18;Lampung;2018;Domba;Pemotongan Tercatat;2961
1097;19;Kepulauan Bangka Belitung;2018;Domba;Pemotongan Tercatat;0
1098;21;Kepulauan Riau;2018;Domba;Pemotongan Tercatat;0
1099;31;DKI Jakarta;2018;Domba;Pemotongan Tercatat;17562
1100;32;Jawa Barat;2018;Domba;Pemotongan Tercatat;863613
1101;33;Jawa Tengah;2018;Domba;Pemotongan Tercatat;243680
1102;34;DI Yogyakarta;2018;Domba;Pemotongan Tercatat;68743
1103;35;Jawa Timur;2018;Domba;Pemotongan Tercatat;105105
1104;36;Banten;2018;Domba;Pemotongan Tercatat;26887
1105;51;Bali;2018;Domba;Pemotongan Tercatat;0
1106;52;Nusa Tenggara Barat;2018;Domba;Pemotongan Tercatat;58
1107;53;Nusa Tenggara Timur;2018;Domba;Pemotongan Tercatat;6390
1108;61;Kalimantan Barat;2018;Domba;Pemotongan Tercatat;11
1109;62;Kalimantan Tengah;2018;Domba;Pemotongan Tercatat;1
1110;63;Kalimantan Selatan;2018;Domba;Pemotongan Tercatat;298
1111;64;Kalimantan Timur;2018;Domba;Pemotongan Tercatat;8
1112;65;Kalimantan Utara;2018;Domba;Pemotongan Tercatat;0
1113;71;Sulawesi Utara;2018;Domba;Pemotongan Tercatat;0
1114;72;Sulawesi Tengah;2018;Domba;Pemotongan Tercatat;1055
1115;73;Sulawesi Selatan;2018;Domba;Pemotongan Tercatat;0
1116;74;Sulawesi Tenggara;2018;Domba;Pemotongan Tercatat;0
1117;75;Gorontalo;2018;Domba;Pemotongan Tercatat;0
1118;76;Sulawesi Barat;2018;Domba;Pemotongan Tercatat;0
1119;81;Maluku;2018;Domba;Pemotongan Tercatat;1761
1120;82;Maluku Utara;2018;Domba;Pemotongan Tercatat;0
1121;92;Papua Barat;2018;Domba;Pemotongan Tercatat;20
1122;91;Papua;2018;Domba;Pemotongan Tercatat;0
1123;11;Aceh;2019;Domba;Pemotongan Tercatat;17062
1124;12;Sumatera Utara;2019;Domba;Pemotongan Tercatat;21102
1125;13;Sumatera Barat;2019;Domba;Pemotongan Tercatat;1507
1126;14;Riau;2019;Domba;Pemotongan Tercatat;2061
1127;15;Jambi;2019;Domba;Pemotongan Tercatat;7102
1128;16;Sumatera Selatan;2019;Domba;Pemotongan Tercatat;6515
1129;17;Bengkulu;2019;Domba;Pemotongan Tercatat;405
1130;18;Lampung;2019;Domba;Pemotongan Tercatat;4323
1131;19;Kepulauan Bangka Belitung;2019;Domba;Pemotongan Tercatat;5
1132;21;Kepulauan Riau;2019;Domba;Pemotongan Tercatat;46
1133;31;DKI Jakarta;2019;Domba;Pemotongan Tercatat;2535
1134;32;Jawa Barat;2019;Domba;Pemotongan Tercatat;1374817
1135;33;Jawa Tengah;2019;Domba;Pemotongan Tercatat;267878
1136;34;DI Yogyakarta;2019;Domba;Pemotongan Tercatat;75207
1137;35;Jawa Timur;2019;Domba;Pemotongan Tercatat;73052
1138;36;Banten;2019;Domba;Pemotongan Tercatat;110160
1139;51;Bali;2019;Domba;Pemotongan Tercatat;0
1140;52;Nusa Tenggara Barat;2019;Domba;Pemotongan Tercatat;3
1141;53;Nusa Tenggara Timur;2019;Domba;Pemotongan Tercatat;3882
1142;61;Kalimantan Barat;2019;Domba;Pemotongan Tercatat;16
1143;62;Kalimantan Tengah;2019;Domba;Pemotongan Tercatat;1
1144;63;Kalimantan Selatan;2019;Domba;Pemotongan Tercatat;310
1145;64;Kalimantan Timur;2019;Domba;Pemotongan Tercatat;179
1146;65;Kalimantan Utara;2019;Domba;Pemotongan Tercatat;0
1147;71;Sulawesi Utara;2019;Domba;Pemotongan Tercatat;0
1148;72;Sulawesi Tengah;2019;Domba;Pemotongan Tercatat;514
1149;73;Sulawesi Selatan;2019;Domba;Pemotongan Tercatat;0
1150;74;Sulawesi Tenggara;2019;Domba;Pemotongan Tercatat;0
1151;75;Gorontalo;2019;Domba;Pemotongan Tercatat;0
1152;76;Sulawesi Barat;2019;Domba;Pemotongan Tercatat;0
1153;81;Maluku;2019;Domba;Pemotongan Tercatat;1462
1154;82;Maluku Utara;2019;Domba;Pemotongan Tercatat;0
1155;92;Papua Barat;2019;Domba;Pemotongan Tercatat;0
1156;91;Papua;2019;Domba;Pemotongan Tercatat;0
1157;11;Aceh;2020;Domba;Pemotongan Tercatat;16023
1158;12;Sumatera Utara;2020;Domba;Pemotongan Tercatat;17803
1159;13;Sumatera Barat;2020;Domba;Pemotongan Tercatat;1574
1160;14;Riau;2020;Domba;Pemotongan Tercatat;1672
1161;15;Jambi;2020;Domba;Pemotongan Tercatat;13300
1162;16;Sumatera Selatan;2020;Domba;Pemotongan Tercatat;5141
1163;17;Bengkulu;2020;Domba;Pemotongan Tercatat;153
1164;18;Lampung;2020;Domba;Pemotongan Tercatat;5709
1165;19;Kepulauan Bangka Belitung;2020;Domba;Pemotongan Tercatat;0
1166;21;Kepulauan Riau;2020;Domba;Pemotongan Tercatat;0
1167;31;DKI Jakarta;2020;Domba;Pemotongan Tercatat;2023
1168;32;Jawa Barat;2020;Domba;Pemotongan Tercatat;823104
1169;33;Jawa Tengah;2020;Domba;Pemotongan Tercatat;280111
1170;34;DI Yogyakarta;2020;Domba;Pemotongan Tercatat;74498
1171;35;Jawa Timur;2020;Domba;Pemotongan Tercatat;96636
1172;36;Banten;2020;Domba;Pemotongan Tercatat;72614
1173;51;Bali;2020;Domba;Pemotongan Tercatat;0
1174;52;Nusa Tenggara Barat;2020;Domba;Pemotongan Tercatat;62
1175;53;Nusa Tenggara Timur;2020;Domba;Pemotongan Tercatat;7633
1176;61;Kalimantan Barat;2020;Domba;Pemotongan Tercatat;7
1177;62;Kalimantan Tengah;2020;Domba;Pemotongan Tercatat;0
1178;63;Kalimantan Selatan;2020;Domba;Pemotongan Tercatat;281
1179;64;Kalimantan Timur;2020;Domba;Pemotongan Tercatat;323
1180;65;Kalimantan Utara;2020;Domba;Pemotongan Tercatat;0
1181;71;Sulawesi Utara;2020;Domba;Pemotongan Tercatat;0
1182;72;Sulawesi Tengah;2020;Domba;Pemotongan Tercatat;542
1183;73;Sulawesi Selatan;2020;Domba;Pemotongan Tercatat;3
1184;74;Sulawesi Tenggara;2020;Domba;Pemotongan Tercatat;0
1185;75;Gorontalo;2020;Domba;Pemotongan Tercatat;0
1186;76;Sulawesi Barat;2020;Domba;Pemotongan Tercatat;0
1187;81;Maluku;2020;Domba;Pemotongan Tercatat;1487
1188;82;Maluku Utara;2020;Domba;Pemotongan Tercatat;0
1189;92;Papua Barat;2020;Domba;Pemotongan Tercatat;0
1190;91;Papua;2020;Domba;Pemotongan Tercatat;0
1191;11;Aceh;2021;Domba;Pemotongan Tercatat;20334
1192;12;Sumatera Utara;2021;Domba;Pemotongan Tercatat;17027
1193;13;Sumatera Barat;2021;Domba;Pemotongan Tercatat;1619
1194;14;Riau;2021;Domba;Pemotongan Tercatat;1221
1195;15;Jambi;2021;Domba;Pemotongan Tercatat;6127
1196;16;Sumatera Selatan;2021;Domba;Pemotongan Tercatat;8629
1197;17;Bengkulu;2021;Domba;Pemotongan Tercatat;106
1198;18;Lampung;2021;Domba;Pemotongan Tercatat;6338
1199;19;Kepulauan Bangka Belitung;2021;Domba;Pemotongan Tercatat;572
1200;21;Kepulauan Riau;2021;Domba;Pemotongan Tercatat;0
1201;31;DKI Jakarta;2021;Domba;Pemotongan Tercatat;4499
1202;32;Jawa Barat;2021;Domba;Pemotongan Tercatat;770297
1203;33;Jawa Tengah;2021;Domba;Pemotongan Tercatat;296465
1204;34;DI Yogyakarta;2021;Domba;Pemotongan Tercatat;72409
1205;35;Jawa Timur;2021;Domba;Pemotongan Tercatat;309069
1206;36;Banten;2021;Domba;Pemotongan Tercatat;28524
1207;51;Bali;2021;Domba;Pemotongan Tercatat;0
1208;52;Nusa Tenggara Barat;2021;Domba;Pemotongan Tercatat;128
1209;53;Nusa Tenggara Timur;2021;Domba;Pemotongan Tercatat;4058
1210;61;Kalimantan Barat;2021;Domba;Pemotongan Tercatat;57
1211;62;Kalimantan Tengah;2021;Domba;Pemotongan Tercatat;8
1212;63;Kalimantan Selatan;2021;Domba;Pemotongan Tercatat;316
1213;64;Kalimantan Timur;2021;Domba;Pemotongan Tercatat;310
1214;65;Kalimantan Utara;2021;Domba;Pemotongan Tercatat;0
1215;71;Sulawesi Utara;2021;Domba;Pemotongan Tercatat;0
1216;72;Sulawesi Tengah;2021;Domba;Pemotongan Tercatat;2062
1217;73;Sulawesi Selatan;2021;Domba;Pemotongan Tercatat;0
1218;74;Sulawesi Tenggara;2021;Domba;Pemotongan Tercatat;0
1219;75;Gorontalo;2021;Domba;Pemotongan Tercatat;0
1220;76;Sulawesi Barat;2021;Domba;Pemotongan Tercatat;0
1221;81;Maluku;2021;Domba;Pemotongan Tercatat;1273
1222;82;Maluku Utara;2021;Domba;Pemotongan Tercatat;0
1223;92;Papua Barat;2021;Domba;Pemotongan Tercatat;0
1224;91;Papua;2021;Domba;Pemotongan Tercatat;0
1225;11;Aceh;2018;Domba;Pemotongan Tidak Tercatat;15137
1226;12;Sumatera Utara;2018;Domba;Pemotongan Tidak Tercatat;27116
1227;13;Sumatera Barat;2018;Domba;Pemotongan Tidak Tercatat;1087
1228;14;Riau;2018;Domba;Pemotongan Tidak Tercatat;753
1229;15;Jambi;2018;Domba;Pemotongan Tidak Tercatat;5342
1230;16;Sumatera Selatan;2018;Domba;Pemotongan Tidak Tercatat;7230
1231;17;Bengkulu;2018;Domba;Pemotongan Tidak Tercatat;212
1232;18;Lampung;2018;Domba;Pemotongan Tidak Tercatat;1693
1233;19;Kepulauan Bangka Belitung;2018;Domba;Pemotongan Tidak Tercatat;9
1234;21;Kepulauan Riau;2018;Domba;Pemotongan Tidak Tercatat;0
1235;31;DKI Jakarta;2018;Domba;Pemotongan Tidak Tercatat;2635
1236;32;Jawa Barat;2018;Domba;Pemotongan Tidak Tercatat;3515507
1237;33;Jawa Tengah;2018;Domba;Pemotongan Tidak Tercatat;187378
1238;34;DI Yogyakarta;2018;Domba;Pemotongan Tidak Tercatat;127136
1239;35;Jawa Timur;2018;Domba;Pemotongan Tidak Tercatat;386100
1240;36;Banten;2018;Domba;Pemotongan Tidak Tercatat;77464
1241;51;Bali;2018;Domba;Pemotongan Tidak Tercatat;0
1242;52;Nusa Tenggara Barat;2018;Domba;Pemotongan Tidak Tercatat;0
1243;53;Nusa Tenggara Timur;2018;Domba;Pemotongan Tidak Tercatat;19170
1244;61;Kalimantan Barat;2018;Domba;Pemotongan Tidak Tercatat;0
1245;62;Kalimantan Tengah;2018;Domba;Pemotongan Tidak Tercatat;101
1246;63;Kalimantan Selatan;2018;Domba;Pemotongan Tidak Tercatat;0
1247;64;Kalimantan Timur;2018;Domba;Pemotongan Tidak Tercatat;1
1248;65;Kalimantan Utara;2018;Domba;Pemotongan Tidak Tercatat;0
1249;71;Sulawesi Utara;2018;Domba;Pemotongan Tidak Tercatat;0
1250;72;Sulawesi Tengah;2018;Domba;Pemotongan Tidak Tercatat;316
1251;73;Sulawesi Selatan;2018;Domba;Pemotongan Tidak Tercatat;0
1252;74;Sulawesi Tenggara;2018;Domba;Pemotongan Tidak Tercatat;0
1253;75;Gorontalo;2018;Domba;Pemotongan Tidak Tercatat;0
1254;76;Sulawesi Barat;2018;Domba;Pemotongan Tidak Tercatat;0
1255;81;Maluku;2018;Domba;Pemotongan Tidak Tercatat;1321
1256;82;Maluku Utara;2018;Domba;Pemotongan Tidak Tercatat;0
1257;92;Papua Barat;2018;Domba;Pemotongan Tidak Tercatat;0
1258;91;Papua;2018;Domba;Pemotongan Tidak Tercatat;0
1259;11;Aceh;2019;Domba;Pemotongan Tidak Tercatat;12800
1260;12;Sumatera Utara;2019;Domba;Pemotongan Tidak Tercatat;24563
1261;13;Sumatera Barat;2019;Domba;Pemotongan Tidak Tercatat;1130
1262;14;Riau;2019;Domba;Pemotongan Tidak Tercatat;28
1263;15;Jambi;2019;Domba;Pemotongan Tidak Tercatat;5491
1264;16;Sumatera Selatan;2019;Domba;Pemotongan Tidak Tercatat;4888
1265;17;Bengkulu;2019;Domba;Pemotongan Tidak Tercatat;305
1266;18;Lampung;2019;Domba;Pemotongan Tidak Tercatat;2813
1267;19;Kepulauan Bangka Belitung;2019;Domba;Pemotongan Tidak Tercatat;30
1268;21;Kepulauan Riau;2019;Domba;Pemotongan Tidak Tercatat;35
1269;31;DKI Jakarta;2019;Domba;Pemotongan Tidak Tercatat;381
1270;32;Jawa Barat;2019;Domba;Pemotongan Tidak Tercatat;1925336
1271;33;Jawa Tengah;2019;Domba;Pemotongan Tidak Tercatat;220471
1272;34;DI Yogyakarta;2019;Domba;Pemotongan Tidak Tercatat;153647
1273;35;Jawa Timur;2019;Domba;Pemotongan Tidak Tercatat;394611
1274;36;Banten;2019;Domba;Pemotongan Tidak Tercatat;92864
1275;51;Bali;2019;Domba;Pemotongan Tidak Tercatat;0
1276;52;Nusa Tenggara Barat;2019;Domba;Pemotongan Tidak Tercatat;0
1277;53;Nusa Tenggara Timur;2019;Domba;Pemotongan Tidak Tercatat;388
1278;61;Kalimantan Barat;2019;Domba;Pemotongan Tidak Tercatat;3
1279;62;Kalimantan Tengah;2019;Domba;Pemotongan Tidak Tercatat;159
1280;63;Kalimantan Selatan;2019;Domba;Pemotongan Tidak Tercatat;0
1281;64;Kalimantan Timur;2019;Domba;Pemotongan Tidak Tercatat;36
1282;65;Kalimantan Utara;2019;Domba;Pemotongan Tidak Tercatat;0
1283;71;Sulawesi Utara;2019;Domba;Pemotongan Tidak Tercatat;0
1284;72;Sulawesi Tengah;2019;Domba;Pemotongan Tidak Tercatat;154
1285;73;Sulawesi Selatan;2019;Domba;Pemotongan Tidak Tercatat;4
1286;74;Sulawesi Tenggara;2019;Domba;Pemotongan Tidak Tercatat;0
1287;75;Gorontalo;2019;Domba;Pemotongan Tidak Tercatat;0
1288;76;Sulawesi Barat;2019;Domba;Pemotongan Tidak Tercatat;0
1289;81;Maluku;2019;Domba;Pemotongan Tidak Tercatat;1097
1290;82;Maluku Utara;2019;Domba;Pemotongan Tidak Tercatat;0
1291;92;Papua Barat;2019;Domba;Pemotongan Tidak Tercatat;0
1292;91;Papua;2019;Domba;Pemotongan Tidak Tercatat;0
1293;11;Aceh;2020;Domba;Pemotongan Tidak Tercatat;12021
1294;12;Sumatera Utara;2020;Domba;Pemotongan Tidak Tercatat;19837
1295;13;Sumatera Barat;2020;Domba;Pemotongan Tidak Tercatat;1181
1296;14;Riau;2020;Domba;Pemotongan Tidak Tercatat;22
1297;15;Jambi;2020;Domba;Pemotongan Tidak Tercatat;1329
1298;16;Sumatera Selatan;2020;Domba;Pemotongan Tidak Tercatat;3875
1299;17;Bengkulu;2020;Domba;Pemotongan Tidak Tercatat;261
1300;18;Lampung;2020;Domba;Pemotongan Tidak Tercatat;4284
1301;19;Kepulauan Bangka Belitung;2020;Domba;Pemotongan Tidak Tercatat;0
1302;21;Kepulauan Riau;2020;Domba;Pemotongan Tidak Tercatat;0
1303;31;DKI Jakarta;2020;Domba;Pemotongan Tidak Tercatat;809
1304;32;Jawa Barat;2020;Domba;Pemotongan Tidak Tercatat;1552618
1305;33;Jawa Tengah;2020;Domba;Pemotongan Tidak Tercatat;212756
1306;34;DI Yogyakarta;2020;Domba;Pemotongan Tidak Tercatat;152199
1307;35;Jawa Timur;2020;Domba;Pemotongan Tidak Tercatat;321753
1308;36;Banten;2020;Domba;Pemotongan Tidak Tercatat;109892
1309;51;Bali;2020;Domba;Pemotongan Tidak Tercatat;0
1310;52;Nusa Tenggara Barat;2020;Domba;Pemotongan Tidak Tercatat;0
1311;53;Nusa Tenggara Timur;2020;Domba;Pemotongan Tidak Tercatat;3054
1312;61;Kalimantan Barat;2020;Domba;Pemotongan Tidak Tercatat;6
1313;62;Kalimantan Tengah;2020;Domba;Pemotongan Tidak Tercatat;45
1314;63;Kalimantan Selatan;2020;Domba;Pemotongan Tidak Tercatat;0
1315;64;Kalimantan Timur;2020;Domba;Pemotongan Tidak Tercatat;65
1316;65;Kalimantan Utara;2020;Domba;Pemotongan Tidak Tercatat;0
1317;71;Sulawesi Utara;2020;Domba;Pemotongan Tidak Tercatat;0
1318;72;Sulawesi Tengah;2020;Domba;Pemotongan Tidak Tercatat;162
1319;73;Sulawesi Selatan;2020;Domba;Pemotongan Tidak Tercatat;0
1320;74;Sulawesi Tenggara;2020;Domba;Pemotongan Tidak Tercatat;0
1321;75;Gorontalo;2020;Domba;Pemotongan Tidak Tercatat;0
1322;76;Sulawesi Barat;2020;Domba;Pemotongan Tidak Tercatat;0
1323;81;Maluku;2020;Domba;Pemotongan Tidak Tercatat;882
1324;82;Maluku Utara;2020;Domba;Pemotongan Tidak Tercatat;0
1325;92;Papua Barat;2020;Domba;Pemotongan Tidak Tercatat;0
1326;91;Papua;2020;Domba;Pemotongan Tidak Tercatat;0
1327;11;Aceh;2021;Domba;Pemotongan Tidak Tercatat;15252
1328;12;Sumatera Utara;2021;Domba;Pemotongan Tidak Tercatat;25472
1329;13;Sumatera Barat;2021;Domba;Pemotongan Tidak Tercatat;0
1330;14;Riau;2021;Domba;Pemotongan Tidak Tercatat;0
1331;15;Jambi;2021;Domba;Pemotongan Tidak Tercatat;4020
1332;16;Sumatera Selatan;2021;Domba;Pemotongan Tidak Tercatat;6472
1333;17;Bengkulu;2021;Domba;Pemotongan Tidak Tercatat;80
1334;18;Lampung;2021;Domba;Pemotongan Tidak Tercatat;4757
1335;19;Kepulauan Bangka Belitung;2021;Domba;Pemotongan Tidak Tercatat;429
1336;21;Kepulauan Riau;2021;Domba;Pemotongan Tidak Tercatat;0
1337;31;DKI Jakarta;2021;Domba;Pemotongan Tidak Tercatat;316
1338;32;Jawa Barat;2021;Domba;Pemotongan Tidak Tercatat;1507217
1339;33;Jawa Tengah;2021;Domba;Pemotongan Tidak Tercatat;150169
1340;34;DI Yogyakarta;2021;Domba;Pemotongan Tidak Tercatat;122157
1341;35;Jawa Timur;2021;Domba;Pemotongan Tidak Tercatat;77265
1342;36;Banten;2021;Domba;Pemotongan Tidak Tercatat;128327
1343;51;Bali;2021;Domba;Pemotongan Tidak Tercatat;0
1344;52;Nusa Tenggara Barat;2021;Domba;Pemotongan Tidak Tercatat;25
1345;53;Nusa Tenggara Timur;2021;Domba;Pemotongan Tidak Tercatat;1624
1346;61;Kalimantan Barat;2021;Domba;Pemotongan Tidak Tercatat;43
1347;62;Kalimantan Tengah;2021;Domba;Pemotongan Tidak Tercatat;665
1348;63;Kalimantan Selatan;2021;Domba;Pemotongan Tidak Tercatat;0
1349;64;Kalimantan Timur;2021;Domba;Pemotongan Tidak Tercatat;63
1350;65;Kalimantan Utara;2021;Domba;Pemotongan Tidak Tercatat;0
1351;71;Sulawesi Utara;2021;Domba;Pemotongan Tidak Tercatat;0
1352;72;Sulawesi Tengah;2021;Domba;Pemotongan Tidak Tercatat;620
1353;73;Sulawesi Selatan;2021;Domba;Pemotongan Tidak Tercatat;0
1354;74;Sulawesi Tenggara;2021;Domba;Pemotongan Tidak Tercatat;0
1355;75;Gorontalo;2021;Domba;Pemotongan Tidak Tercatat;0
1356;76;Sulawesi Barat;2021;Domba;Pemotongan Tidak Tercatat;0
1357;81;Maluku;2021;Domba;Pemotongan Tidak Tercatat;680
1358;82;Maluku Utara;2021;Domba;Pemotongan Tidak Tercatat;0
1359;92;Papua Barat;2021;Domba;Pemotongan Tidak Tercatat;0
1360;91;Papua;2021;Domba;Pemotongan Tidak Tercatat;0
1361;11;Aceh;2018;Babi;Pemotongan Tercatat;1066
1362;12;Sumatera Utara;2018;Babi;Pemotongan Tercatat;408356
1363;13;Sumatera Barat;2018;Babi;Pemotongan Tercatat;3084
1364;14;Riau;2018;Babi;Pemotongan Tercatat;21669
1365;15;Jambi;2018;Babi;Pemotongan Tercatat;3279
1366;16;Sumatera Selatan;2018;Babi;Pemotongan Tercatat;3435
1367;17;Bengkulu;2018;Babi;Pemotongan Tercatat;0
1368;18;Lampung;2018;Babi;Pemotongan Tercatat;8155
1369;19;Kepulauan Bangka Belitung;2018;Babi;Pemotongan Tercatat;7902
1370;21;Kepulauan Riau;2018;Babi;Pemotongan Tercatat;29639
1371;31;DKI Jakarta;2018;Babi;Pemotongan Tercatat;99518
1372;32;Jawa Barat;2018;Babi;Pemotongan Tercatat;16555
1373;33;Jawa Tengah;2018;Babi;Pemotongan Tercatat;8087
1374;34;DI Yogyakarta;2018;Babi;Pemotongan Tercatat;5268
1375;35;Jawa Timur;2018;Babi;Pemotongan Tercatat;55148
1376;36;Banten;2018;Babi;Pemotongan Tercatat;50907
1377;51;Bali;2018;Babi;Pemotongan Tercatat;344946
1378;52;Nusa Tenggara Barat;2018;Babi;Pemotongan Tercatat;1547
1379;53;Nusa Tenggara Timur;2018;Babi;Pemotongan Tercatat;166856
1380;61;Kalimantan Barat;2018;Babi;Pemotongan Tercatat;139088
1381;62;Kalimantan Tengah;2018;Babi;Pemotongan Tercatat;3561
1382;63;Kalimantan Selatan;2018;Babi;Pemotongan Tercatat;980
1383;64;Kalimantan Timur;2018;Babi;Pemotongan Tercatat;20916
1384;65;Kalimantan Utara;2018;Babi;Pemotongan Tercatat;6859
1385;71;Sulawesi Utara;2018;Babi;Pemotongan Tercatat;261585
1386;72;Sulawesi Tengah;2018;Babi;Pemotongan Tercatat;16660
1387;73;Sulawesi Selatan;2018;Babi;Pemotongan Tercatat;84132
1388;74;Sulawesi Tenggara;2018;Babi;Pemotongan Tercatat;6460
1389;75;Gorontalo;2018;Babi;Pemotongan Tercatat;209
1390;76;Sulawesi Barat;2018;Babi;Pemotongan Tercatat;6239
1391;81;Maluku;2018;Babi;Pemotongan Tercatat;7587
1392;82;Maluku Utara;2018;Babi;Pemotongan Tercatat;3042
1393;92;Papua Barat;2018;Babi;Pemotongan Tercatat;15297
1394;91;Papua;2018;Babi;Pemotongan Tercatat;140711
1395;11;Aceh;2019;Babi;Pemotongan Tercatat;536
1396;12;Sumatera Utara;2019;Babi;Pemotongan Tercatat;396945
1397;13;Sumatera Barat;2019;Babi;Pemotongan Tercatat;3317
1398;14;Riau;2019;Babi;Pemotongan Tercatat;21915
1399;15;Jambi;2019;Babi;Pemotongan Tercatat;2778
1400;16;Sumatera Selatan;2019;Babi;Pemotongan Tercatat;3465
1401;17;Bengkulu;2019;Babi;Pemotongan Tercatat;50
1402;18;Lampung;2019;Babi;Pemotongan Tercatat;8385
1403;19;Kepulauan Bangka Belitung;2019;Babi;Pemotongan Tercatat;8111
1404;21;Kepulauan Riau;2019;Babi;Pemotongan Tercatat;28859
1405;31;DKI Jakarta;2019;Babi;Pemotongan Tercatat;92793
1406;32;Jawa Barat;2019;Babi;Pemotongan Tercatat;17577
1407;33;Jawa Tengah;2019;Babi;Pemotongan Tercatat;18559
1408;34;DI Yogyakarta;2019;Babi;Pemotongan Tercatat;5268
1409;35;Jawa Timur;2019;Babi;Pemotongan Tercatat;50677
1410;36;Banten;2019;Babi;Pemotongan Tercatat;50713
1411;51;Bali;2019;Babi;Pemotongan Tercatat;475657
1412;52;Nusa Tenggara Barat;2019;Babi;Pemotongan Tercatat;1383
1413;53;Nusa Tenggara Timur;2019;Babi;Pemotongan Tercatat;195342
1414;61;Kalimantan Barat;2019;Babi;Pemotongan Tercatat;143274
1415;62;Kalimantan Tengah;2019;Babi;Pemotongan Tercatat;6228
1416;63;Kalimantan Selatan;2019;Babi;Pemotongan Tercatat;845
1417;64;Kalimantan Timur;2019;Babi;Pemotongan Tercatat;22763
1418;65;Kalimantan Utara;2019;Babi;Pemotongan Tercatat;3495
1419;71;Sulawesi Utara;2019;Babi;Pemotongan Tercatat;240538
1420;72;Sulawesi Tengah;2019;Babi;Pemotongan Tercatat;27024
1421;73;Sulawesi Selatan;2019;Babi;Pemotongan Tercatat;77678
1422;74;Sulawesi Tenggara;2019;Babi;Pemotongan Tercatat;8748
1423;75;Gorontalo;2019;Babi;Pemotongan Tercatat;338
1424;76;Sulawesi Barat;2019;Babi;Pemotongan Tercatat;5940
1425;81;Maluku;2019;Babi;Pemotongan Tercatat;9974
1426;82;Maluku Utara;2019;Babi;Pemotongan Tercatat;3271
1427;92;Papua Barat;2019;Babi;Pemotongan Tercatat;17384
1428;91;Papua;2019;Babi;Pemotongan Tercatat;156801
1429;11;Aceh;2020;Babi;Pemotongan Tercatat;1132
1430;12;Sumatera Utara;2020;Babi;Pemotongan Tercatat;91020
1431;13;Sumatera Barat;2020;Babi;Pemotongan Tercatat;3570
1432;14;Riau;2020;Babi;Pemotongan Tercatat;17499
1433;15;Jambi;2020;Babi;Pemotongan Tercatat;4229
1434;16;Sumatera Selatan;2020;Babi;Pemotongan Tercatat;2327
1435;17;Bengkulu;2020;Babi;Pemotongan Tercatat;157
1436;18;Lampung;2020;Babi;Pemotongan Tercatat;6692
1437;19;Kepulauan Bangka Belitung;2020;Babi;Pemotongan Tercatat;6929
1438;21;Kepulauan Riau;2020;Babi;Pemotongan Tercatat;29647
1439;31;DKI Jakarta;2020;Babi;Pemotongan Tercatat;69175
1440;32;Jawa Barat;2020;Babi;Pemotongan Tercatat;13980
1441;33;Jawa Tengah;2020;Babi;Pemotongan Tercatat;19371
1442;34;DI Yogyakarta;2020;Babi;Pemotongan Tercatat;0
1443;35;Jawa Timur;2020;Babi;Pemotongan Tercatat;55688
1444;36;Banten;2020;Babi;Pemotongan Tercatat;48963
1445;51;Bali;2020;Babi;Pemotongan Tercatat;389226
1446;52;Nusa Tenggara Barat;2020;Babi;Pemotongan Tercatat;1389
1447;53;Nusa Tenggara Timur;2020;Babi;Pemotongan Tercatat;112372
1448;61;Kalimantan Barat;2020;Babi;Pemotongan Tercatat;132592
1449;62;Kalimantan Tengah;2020;Babi;Pemotongan Tercatat;8041
1450;63;Kalimantan Selatan;2020;Babi;Pemotongan Tercatat;696
1451;64;Kalimantan Timur;2020;Babi;Pemotongan Tercatat;28492
1452;65;Kalimantan Utara;2020;Babi;Pemotongan Tercatat;4004
1453;71;Sulawesi Utara;2020;Babi;Pemotongan Tercatat;256142
1454;72;Sulawesi Tengah;2020;Babi;Pemotongan Tercatat;43659
1455;73;Sulawesi Selatan;2020;Babi;Pemotongan Tercatat;34508
1456;74;Sulawesi Tenggara;2020;Babi;Pemotongan Tercatat;4925
1457;75;Gorontalo;2020;Babi;Pemotongan Tercatat;224
1458;76;Sulawesi Barat;2020;Babi;Pemotongan Tercatat;7981
1459;81;Maluku;2020;Babi;Pemotongan Tercatat;8934
1460;82;Maluku Utara;2020;Babi;Pemotongan Tercatat;3555
1461;92;Papua Barat;2020;Babi;Pemotongan Tercatat;11970
1462;91;Papua;2020;Babi;Pemotongan Tercatat;153913
1463;11;Aceh;2021;Babi;Pemotongan Tercatat;1001
1464;12;Sumatera Utara;2021;Babi;Pemotongan Tercatat;79928
1465;13;Sumatera Barat;2021;Babi;Pemotongan Tercatat;4120
1466;14;Riau;2021;Babi;Pemotongan Tercatat;15343
1467;15;Jambi;2021;Babi;Pemotongan Tercatat;1661
1468;16;Sumatera Selatan;2021;Babi;Pemotongan Tercatat;3048
1469;17;Bengkulu;2021;Babi;Pemotongan Tercatat;140
1470;18;Lampung;2021;Babi;Pemotongan Tercatat;9324
1471;19;Kepulauan Bangka Belitung;2021;Babi;Pemotongan Tercatat;10175
1472;21;Kepulauan Riau;2021;Babi;Pemotongan Tercatat;42461
1473;31;DKI Jakarta;2021;Babi;Pemotongan Tercatat;72429
1474;32;Jawa Barat;2021;Babi;Pemotongan Tercatat;9231
1475;33;Jawa Tengah;2021;Babi;Pemotongan Tercatat;14061
1476;34;DI Yogyakarta;2021;Babi;Pemotongan Tercatat;0
1477;35;Jawa Timur;2021;Babi;Pemotongan Tercatat;39369
1478;36;Banten;2021;Babi;Pemotongan Tercatat;46160
1479;51;Bali;2021;Babi;Pemotongan Tercatat;356161
1480;52;Nusa Tenggara Barat;2021;Babi;Pemotongan Tercatat;1760
1481;53;Nusa Tenggara Timur;2021;Babi;Pemotongan Tercatat;105125
1482;61;Kalimantan Barat;2021;Babi;Pemotongan Tercatat;117297
1483;62;Kalimantan Tengah;2021;Babi;Pemotongan Tercatat;6393
1484;63;Kalimantan Selatan;2021;Babi;Pemotongan Tercatat;908
1485;64;Kalimantan Timur;2021;Babi;Pemotongan Tercatat;35842
1486;65;Kalimantan Utara;2021;Babi;Pemotongan Tercatat;4752
1487;71;Sulawesi Utara;2021;Babi;Pemotongan Tercatat;229635
1488;72;Sulawesi Tengah;2021;Babi;Pemotongan Tercatat;37542
1489;73;Sulawesi Selatan;2021;Babi;Pemotongan Tercatat;47870
1490;74;Sulawesi Tenggara;2021;Babi;Pemotongan Tercatat;4463
1491;75;Gorontalo;2021;Babi;Pemotongan Tercatat;361
1492;76;Sulawesi Barat;2021;Babi;Pemotongan Tercatat;11175
1493;81;Maluku;2021;Babi;Pemotongan Tercatat;13065
1494;82;Maluku Utara;2021;Babi;Pemotongan Tercatat;3267
1495;92;Papua Barat;2021;Babi;Pemotongan Tercatat;11567
1496;91;Papua;2021;Babi;Pemotongan Tercatat;140792
1497;11;Aceh;2018;Babi;Pemotongan Tidak Tercatat;1066
1498;12;Sumatera Utara;2018;Babi;Pemotongan Tidak Tercatat;471655
1499;13;Sumatera Barat;2018;Babi;Pemotongan Tidak Tercatat;3084
1500;14;Riau;2018;Babi;Pemotongan Tidak Tercatat;0
1501;15;Jambi;2018;Babi;Pemotongan Tidak Tercatat;5753
1502;16;Sumatera Selatan;2018;Babi;Pemotongan Tidak Tercatat;2748
1503;17;Bengkulu;2018;Babi;Pemotongan Tidak Tercatat;0
1504;18;Lampung;2018;Babi;Pemotongan Tidak Tercatat;9117
1505;19;Kepulauan Bangka Belitung;2018;Babi;Pemotongan Tidak Tercatat;13898
1506;21;Kepulauan Riau;2018;Babi;Pemotongan Tidak Tercatat;29639
1507;31;DKI Jakarta;2018;Babi;Pemotongan Tidak Tercatat;4976
1508;32;Jawa Barat;2018;Babi;Pemotongan Tidak Tercatat;0
1509;33;Jawa Tengah;2018;Babi;Pemotongan Tidak Tercatat;1290
1510;34;DI Yogyakarta;2018;Babi;Pemotongan Tidak Tercatat;3161
1511;35;Jawa Timur;2018;Babi;Pemotongan Tidak Tercatat;5441
1512;36;Banten;2018;Babi;Pemotongan Tidak Tercatat;19683
1513;51;Bali;2018;Babi;Pemotongan Tidak Tercatat;344946
1514;52;Nusa Tenggara Barat;2018;Babi;Pemotongan Tidak Tercatat;62
1515;53;Nusa Tenggara Timur;2018;Babi;Pemotongan Tidak Tercatat;667424
1516;61;Kalimantan Barat;2018;Babi;Pemotongan Tidak Tercatat;11624
1517;62;Kalimantan Tengah;2018;Babi;Pemotongan Tidak Tercatat;25906
1518;63;Kalimantan Selatan;2018;Babi;Pemotongan Tidak Tercatat;0
1519;64;Kalimantan Timur;2018;Babi;Pemotongan Tidak Tercatat;231
1520;65;Kalimantan Utara;2018;Babi;Pemotongan Tidak Tercatat;72
1521;71;Sulawesi Utara;2018;Babi;Pemotongan Tidak Tercatat;0
1522;72;Sulawesi Tengah;2018;Babi;Pemotongan Tidak Tercatat;8331
1523;73;Sulawesi Selatan;2018;Babi;Pemotongan Tidak Tercatat;15144
1524;74;Sulawesi Tenggara;2018;Babi;Pemotongan Tidak Tercatat;7484
1525;75;Gorontalo;2018;Babi;Pemotongan Tidak Tercatat;209
1526;76;Sulawesi Barat;2018;Babi;Pemotongan Tidak Tercatat;6239
1527;81;Maluku;2018;Babi;Pemotongan Tidak Tercatat;1897
1528;82;Maluku Utara;2018;Babi;Pemotongan Tidak Tercatat;2739
1529;92;Papua Barat;2018;Babi;Pemotongan Tidak Tercatat;1532
1530;91;Papua;2018;Babi;Pemotongan Tidak Tercatat;0
1531;11;Aceh;2019;Babi;Pemotongan Tidak Tercatat;536
1532;12;Sumatera Utara;2019;Babi;Pemotongan Tidak Tercatat;442958
1533;13;Sumatera Barat;2019;Babi;Pemotongan Tidak Tercatat;3317
1534;14;Riau;2019;Babi;Pemotongan Tidak Tercatat;3460
1535;15;Jambi;2019;Babi;Pemotongan Tidak Tercatat;3872
1536;16;Sumatera Selatan;2019;Babi;Pemotongan Tidak Tercatat;2771
1537;17;Bengkulu;2019;Babi;Pemotongan Tidak Tercatat;50
1538;18;Lampung;2019;Babi;Pemotongan Tidak Tercatat;9580
1539;19;Kepulauan Bangka Belitung;2019;Babi;Pemotongan Tidak Tercatat;9574
1540;21;Kepulauan Riau;2019;Babi;Pemotongan Tidak Tercatat;28859
1541;31;DKI Jakarta;2019;Babi;Pemotongan Tidak Tercatat;0
1542;32;Jawa Barat;2019;Babi;Pemotongan Tidak Tercatat;0
1543;33;Jawa Tengah;2019;Babi;Pemotongan Tidak Tercatat;1170
1544;34;DI Yogyakarta;2019;Babi;Pemotongan Tidak Tercatat;0
1545;35;Jawa Timur;2019;Babi;Pemotongan Tidak Tercatat;7396
1546;36;Banten;2019;Babi;Pemotongan Tidak Tercatat;19727
1547;51;Bali;2019;Babi;Pemotongan Tidak Tercatat;475657
1548;52;Nusa Tenggara Barat;2019;Babi;Pemotongan Tidak Tercatat;0
1549;53;Nusa Tenggara Timur;2019;Babi;Pemotongan Tidak Tercatat;732537
1550;61;Kalimantan Barat;2019;Babi;Pemotongan Tidak Tercatat;11670
1551;62;Kalimantan Tengah;2019;Babi;Pemotongan Tidak Tercatat;25255
1552;63;Kalimantan Selatan;2019;Babi;Pemotongan Tidak Tercatat;0
1553;64;Kalimantan Timur;2019;Babi;Pemotongan Tidak Tercatat;1205
1554;65;Kalimantan Utara;2019;Babi;Pemotongan Tidak Tercatat;37
1555;71;Sulawesi Utara;2019;Babi;Pemotongan Tidak Tercatat;24054
1556;72;Sulawesi Tengah;2019;Babi;Pemotongan Tidak Tercatat;13513
1557;73;Sulawesi Selatan;2019;Babi;Pemotongan Tidak Tercatat;8591
1558;74;Sulawesi Tenggara;2019;Babi;Pemotongan Tidak Tercatat;6836
1559;75;Gorontalo;2019;Babi;Pemotongan Tidak Tercatat;338
1560;76;Sulawesi Barat;2019;Babi;Pemotongan Tidak Tercatat;5940
1561;81;Maluku;2019;Babi;Pemotongan Tidak Tercatat;2495
1562;82;Maluku Utara;2019;Babi;Pemotongan Tidak Tercatat;2943
1563;92;Papua Barat;2019;Babi;Pemotongan Tidak Tercatat;2916
1564;91;Papua;2019;Babi;Pemotongan Tidak Tercatat;0
1565;11;Aceh;2020;Babi;Pemotongan Tidak Tercatat;1132
1566;12;Sumatera Utara;2020;Babi;Pemotongan Tidak Tercatat;108780
1567;13;Sumatera Barat;2020;Babi;Pemotongan Tidak Tercatat;3570
1568;14;Riau;2020;Babi;Pemotongan Tidak Tercatat;0
1569;15;Jambi;2020;Babi;Pemotongan Tidak Tercatat;424
1570;16;Sumatera Selatan;2020;Babi;Pemotongan Tidak Tercatat;1861
1571;17;Bengkulu;2020;Babi;Pemotongan Tidak Tercatat;157
1572;18;Lampung;2020;Babi;Pemotongan Tidak Tercatat;6692
1573;19;Kepulauan Bangka Belitung;2020;Babi;Pemotongan Tidak Tercatat;7894
1574;21;Kepulauan Riau;2020;Babi;Pemotongan Tidak Tercatat;29647
1575;31;DKI Jakarta;2020;Babi;Pemotongan Tidak Tercatat;6918
1576;32;Jawa Barat;2020;Babi;Pemotongan Tidak Tercatat;0
1577;33;Jawa Tengah;2020;Babi;Pemotongan Tidak Tercatat;1278
1578;34;DI Yogyakarta;2020;Babi;Pemotongan Tidak Tercatat;5222
1579;35;Jawa Timur;2020;Babi;Pemotongan Tidak Tercatat;6529
1580;36;Banten;2020;Babi;Pemotongan Tidak Tercatat;49119
1581;51;Bali;2020;Babi;Pemotongan Tidak Tercatat;2113497
1582;52;Nusa Tenggara Barat;2020;Babi;Pemotongan Tidak Tercatat;0
1583;53;Nusa Tenggara Timur;2020;Babi;Pemotongan Tidak Tercatat;112372
1584;61;Kalimantan Barat;2020;Babi;Pemotongan Tidak Tercatat;1022
1585;62;Kalimantan Tengah;2020;Babi;Pemotongan Tidak Tercatat;34568
1586;63;Kalimantan Selatan;2020;Babi;Pemotongan Tidak Tercatat;0
1587;64;Kalimantan Timur;2020;Babi;Pemotongan Tidak Tercatat;1511
1588;65;Kalimantan Utara;2020;Babi;Pemotongan Tidak Tercatat;4004
1589;71;Sulawesi Utara;2020;Babi;Pemotongan Tidak Tercatat;25615
1590;72;Sulawesi Tengah;2020;Babi;Pemotongan Tidak Tercatat;21832
1591;73;Sulawesi Selatan;2020;Babi;Pemotongan Tidak Tercatat;11370
1592;74;Sulawesi Tenggara;2020;Babi;Pemotongan Tidak Tercatat;5945
1593;75;Gorontalo;2020;Babi;Pemotongan Tidak Tercatat;224
1594;76;Sulawesi Barat;2020;Babi;Pemotongan Tidak Tercatat;7981
1595;81;Maluku;2020;Babi;Pemotongan Tidak Tercatat;3408
1596;82;Maluku Utara;2020;Babi;Pemotongan Tidak Tercatat;3555
1597;92;Papua Barat;2020;Babi;Pemotongan Tidak Tercatat;11970
1598;91;Papua;2020;Babi;Pemotongan Tidak Tercatat;0
1599;11;Aceh;2021;Babi;Pemotongan Tidak Tercatat;0
1600;12;Sumatera Utara;2021;Babi;Pemotongan Tidak Tercatat;110486
1601;13;Sumatera Barat;2021;Babi;Pemotongan Tidak Tercatat;4120
1602;14;Riau;2021;Babi;Pemotongan Tidak Tercatat;0
1603;15;Jambi;2021;Babi;Pemotongan Tidak Tercatat;1661
1604;16;Sumatera Selatan;2021;Babi;Pemotongan Tidak Tercatat;2437
1605;17;Bengkulu;2021;Babi;Pemotongan Tidak Tercatat;140
1606;18;Lampung;2021;Babi;Pemotongan Tidak Tercatat;9324
1607;19;Kepulauan Bangka Belitung;2021;Babi;Pemotongan Tidak Tercatat;10175
1608;21;Kepulauan Riau;2021;Babi;Pemotongan Tidak Tercatat;42461
1609;31;DKI Jakarta;2021;Babi;Pemotongan Tidak Tercatat;3621
1610;32;Jawa Barat;2021;Babi;Pemotongan Tidak Tercatat;0
1611;33;Jawa Tengah;2021;Babi;Pemotongan Tidak Tercatat;801
1612;34;DI Yogyakarta;2021;Babi;Pemotongan Tidak Tercatat;8122
1613;35;Jawa Timur;2021;Babi;Pemotongan Tidak Tercatat;9841
1614;36;Banten;2021;Babi;Pemotongan Tidak Tercatat;1596
1615;51;Bali;2021;Babi;Pemotongan Tidak Tercatat;1933955
1616;52;Nusa Tenggara Barat;2021;Babi;Pemotongan Tidak Tercatat;352
1617;53;Nusa Tenggara Timur;2021;Babi;Pemotongan Tidak Tercatat;105125
1618;61;Kalimantan Barat;2021;Babi;Pemotongan Tidak Tercatat;58652
1619;62;Kalimantan Tengah;2021;Babi;Pemotongan Tidak Tercatat;25818
1620;63;Kalimantan Selatan;2021;Babi;Pemotongan Tidak Tercatat;0
1621;64;Kalimantan Timur;2021;Babi;Pemotongan Tidak Tercatat;1899
1622;65;Kalimantan Utara;2021;Babi;Pemotongan Tidak Tercatat;4752
1623;71;Sulawesi Utara;2021;Babi;Pemotongan Tidak Tercatat;22965
1624;72;Sulawesi Tengah;2021;Babi;Pemotongan Tidak Tercatat;18772
1625;73;Sulawesi Selatan;2021;Babi;Pemotongan Tidak Tercatat;4786
1626;74;Sulawesi Tenggara;2021;Babi;Pemotongan Tidak Tercatat;5222
1627;75;Gorontalo;2021;Babi;Pemotongan Tidak Tercatat;361
1628;76;Sulawesi Barat;2021;Babi;Pemotongan Tidak Tercatat;11175
1629;81;Maluku;2021;Babi;Pemotongan Tidak Tercatat;4593
1630;82;Maluku Utara;2021;Babi;Pemotongan Tidak Tercatat;355
1631;92;Papua Barat;2021;Babi;Pemotongan Tidak Tercatat;11567
1632;91;Papua;2021;Babi;Pemotongan Tidak Tercatat;0
